ISO-10303-21;
HEADER;
FILE_DESCRIPTION (( 'STEP AP203' ),
    '1' );
FILE_NAME ('93033A107_18-8 Stainless Steel Flange Nut.STEP',
    '2026-01-07T21:44:07',
    ( 'McMaster Carr Supply' ),
    ( 'McMaster Carr Supply' ),
    'SwSTEP 2.0',
    'SolidWorks 2024',
    '' );
FILE_SCHEMA (( 'CONFIG_CONTROL_DESIGN' ));
ENDSEC;

DATA;
#1 = CARTESIAN_POINT ( 'NONE',  ( 1.017788105676658450, -0.5876202367904178603, -3.979166666666667407 ) ) ;
#2 = CARTESIAN_POINT ( 'NONE',  ( -1.500000000000000444, 1.772117688952314140E-15, -0.9375000000000024425 ) ) ;
#3 = EDGE_CURVE ( 'NONE', #494, #1448, #912, .T. ) ;
#4 = CARTESIAN_POINT ( 'NONE',  ( 1.017788105676658450, -0.5876202367904178603, -1.916666666666667629 ) ) ;
#5 = ORIENTED_EDGE ( 'NONE', *, *, #1928, .T. ) ;
#6 = CARTESIAN_POINT ( 'NONE',  ( 1.499999999999999112, -0.4019237886466860976, -3.147329099369259975 ) ) ;
#7 = CARTESIAN_POINT ( 'NONE',  ( 0.3618933108176658475, 1.153306180923470814, -0.3516274962685968508 ) ) ;
#8 = DIRECTION ( 'NONE',  ( 0.000000000000000000, 0.000000000000000000, -1.000000000000000000 ) ) ;
#9 = CARTESIAN_POINT ( 'NONE',  ( 1.175240473580836165, 1.103942166888326870E-15, -0.3788861141556929546 ) ) ;
#10 = LOCAL_TIME ( 15, 44, 7.000000000000000000, #2309 ) ;
#11 = CARTESIAN_POINT ( 'NONE',  ( -1.763300807568879414, -3.239131034884756543E-16, -2.421875000000001332 ) ) ;
#12 = VECTOR ( 'NONE', #60, 1000.000000000000000 ) ;
#13 = CARTESIAN_POINT ( 'NONE',  ( -0.6785254037844385966, -1.175240473580836165, -3.604166666666667851 ) ) ;
#14 = LINE ( 'NONE', #1809, #97 ) ;
#15 =( BOUNDED_SURFACE ( )  B_SPLINE_SURFACE ( 1, 2, ( 
 ( #1131, #141, #559, #1350, #920, #377, #2114, #1548, #2476, #1712, #520, #2290, #1336, #2076, #1312, #1699, #1121, #569, #1882, #128, #166, #962, #1738, #726, #949, #336, #975, #2276, #1360, #350, #544, #1509, #1725, #936, #2100, #2503, #2513, #531, #767, #1324, #1898, #739, #364, #1522, #2314, #1148, #1911, #2491, #2125, #751, #779, #1536, #1167, #2303, #1933, #2266, #1158, #178, #1922, #1020, #1582, #578, #804, #2348, #983, #1593, #1371, #791, #1197, #11, #1942, #1963, #1178, #2336, #593, #2153, #406, #186, #2166, #210, #2358, #2143, #1382, #2323, #1187, #196, #2133, #386, #1755, #1559, #2525, #395, #1951, #1569, #995, #1765, #1008, #604, #615, #1393, #1213, #1778, #25, #814, #1406, #422, #1977, #224, #744 ),
 ( #1515, #536, #1729, #2468, #370, #1328, #134, #2295, #1161, #329, #1553, #158, #564, #1915, #1926, #1126, #758, #170, #1891, #929, #2494, #732, #954, #1542, #1141, #1744, #2282, #1717, #2308, #2092, #1706, #1527, #1354, #341, #1903, #2119, #148, #941, #2482, #551, #968, #1344, #2508, #357, #2106, #1152, #772, #2317, #1071, #1853, #513, #123, #99, #2447, #2421, #721, #2081, #2053, #503, #1876, #1503, #1670, #1057, #682, #1083, #2258, #489, #277, #303, #1839, #1114, #708, #2041, #2028, #874, #1825, #2218, #1457, #2434, #1481, #1305, #1098, #82, #1491, #1470, #71, #2271, #696, #1289, #1657, #2232, #891, #2069, #915, #2244, #315, #1276, #525, #861, #1865, #112, #1693, #1317, #902, #1646, #290, #1681, #2457, #2409 ) ),
 .UNSPECIFIED., .F., .F., .F. ) 
 B_SPLINE_SURFACE_WITH_KNOTS ( ( 2, 2 ),
 ( 3, 2, 2, 2, 2, 2, 2, 2, 2, 2, 2, 2, 2, 2, 2, 2, 2, 2, 2, 2, 2, 2, 2, 2, 2, 2, 2, 2, 2, 2, 2, 2, 2, 2, 2, 2, 2, 2, 2, 2, 2, 2, 2, 2, 2, 2, 2, 2, 2, 2, 2, 2, 2, 2, 3 ),
 ( 0.000000000000000000, 1.000000000000000000 ),
 ( 0.000000000000000000, 0.01851851851851851749, 0.03703703703703703498, 0.05555555555555555247, 0.07407407407407406996, 0.09259259259259258745, 0.1111111111111111049, 0.1296296296296296224, 0.1481481481481481399, 0.1666666666666666574, 0.1851851851851851749, 0.2037037037037036924, 0.2222222222222222099, 0.2407407407407407274, 0.2592592592592592449, 0.2777777777777777901, 0.2962962962962962798, 0.3148148148148148251, 0.3333333333333333148, 0.3518518518518518601, 0.3703703703703703498, 0.3888888888888888951, 0.4074074074074073848, 0.4259259259259259300, 0.4444444444444444198, 0.4629629629629629650, 0.4814814814814814548, 0.5000000000000000000, 0.5185185185185184897, 0.5370370370370370905, 0.5555555555555555802, 0.5740740740740740700, 0.5925925925925925597, 0.6111111111111111605, 0.6296296296296296502, 0.6481481481481481399, 0.6666666666666666297, 0.6851851851851852304, 0.7037037037037037202, 0.7222222222222222099, 0.7407407407407406996, 0.7592592592592593004, 0.7777777777777777901, 0.7962962962962962798, 0.8148148148148147696, 0.8333333333333333703, 0.8518518518518518601, 0.8703703703703703498, 0.8888888888888888395, 0.9074074074074074403, 0.9259259259259259300, 0.9444444444444444198, 0.9629629629629629095, 0.9814814814814815103, 1.000000000000000000 ),
 .UNSPECIFIED. ) 
 GEOMETRIC_REPRESENTATION_ITEM ( )  RATIONAL_B_SPLINE_SURFACE ( (
 ( 1.000000000000000000, 0.8660254037844387076, 1.000000000000000000, 0.8660254037844387076, 1.000000000000000000, 0.8660254037844387076, 1.000000000000000000, 0.8660254037844387076, 1.000000000000000000, 0.8660254037844387076, 1.000000000000000000, 0.8660254037844387076, 1.000000000000000000, 0.8660254037844387076, 1.000000000000000000, 0.8660254037844387076, 1.000000000000000000, 0.8660254037844387076, 1.000000000000000000, 0.8660254037844387076, 1.000000000000000000, 0.8660254037844387076, 1.000000000000000000, 0.8660254037844387076, 1.000000000000000000, 0.8660254037844387076, 1.000000000000000000, 0.8660254037844387076, 1.000000000000000000, 0.8660254037844387076, 1.000000000000000000, 0.8660254037844387076, 1.000000000000000000, 0.8660254037844387076, 1.000000000000000000, 0.8660254037844387076, 1.000000000000000000, 0.8660254037844387076, 1.000000000000000000, 0.8660254037844387076, 1.000000000000000000, 0.8660254037844387076, 1.000000000000000000, 0.8660254037844387076, 1.000000000000000000, 0.8660254037844387076, 1.000000000000000000, 0.8660254037844387076, 1.000000000000000000, 0.8660254037844387076, 1.000000000000000000, 0.8660254037844387076, 1.000000000000000000, 0.8660254037844387076, 1.000000000000000000, 0.8660254037844387076, 1.000000000000000000, 0.8660254037844387076, 1.000000000000000000, 0.8660254037844387076, 1.000000000000000000, 0.8660254037844387076, 1.000000000000000000, 0.8660254037844387076, 1.000000000000000000, 0.8660254037844387076, 1.000000000000000000, 0.8660254037844387076, 1.000000000000000000, 0.8660254037844387076, 1.000000000000000000, 0.8660254037844387076, 1.000000000000000000, 0.8660254037844387076, 1.000000000000000000, 0.8660254037844387076, 1.000000000000000000, 0.8660254037844387076, 1.000000000000000000, 0.8660254037844387076, 1.000000000000000000, 0.8660254037844387076, 1.000000000000000000, 0.8660254037844387076, 1.000000000000000000, 0.8660254037844387076, 1.000000000000000000, 0.8660254037844387076, 1.000000000000000000, 0.8660254037844387076, 1.000000000000000000, 0.8660254037844387076, 1.000000000000000000, 0.8660254037844387076, 1.000000000000000000, 0.8660254037844387076, 1.000000000000000000, 0.8660254037844387076, 1.000000000000000000, 0.8660254037844387076, 1.000000000000000000, 0.8660254037844387076, 1.000000000000000000, 0.8660254037844387076, 1.000000000000000000, 0.8660254037844387076, 1.000000000000000000, 0.8660254037844387076, 1.000000000000000000),
 ( 1.000000000000000000, 0.8660254037844387076, 1.000000000000000000, 0.8660254037844387076, 1.000000000000000000, 0.8660254037844387076, 1.000000000000000000, 0.8660254037844387076, 1.000000000000000000, 0.8660254037844387076, 1.000000000000000000, 0.8660254037844387076, 1.000000000000000000, 0.8660254037844387076, 1.000000000000000000, 0.8660254037844387076, 1.000000000000000000, 0.8660254037844387076, 1.000000000000000000, 0.8660254037844387076, 1.000000000000000000, 0.8660254037844387076, 1.000000000000000000, 0.8660254037844387076, 1.000000000000000000, 0.8660254037844387076, 1.000000000000000000, 0.8660254037844387076, 1.000000000000000000, 0.8660254037844387076, 1.000000000000000000, 0.8660254037844387076, 1.000000000000000000, 0.8660254037844387076, 1.000000000000000000, 0.8660254037844387076, 1.000000000000000000, 0.8660254037844387076, 1.000000000000000000, 0.8660254037844387076, 1.000000000000000000, 0.8660254037844387076, 1.000000000000000000, 0.8660254037844387076, 1.000000000000000000, 0.8660254037844387076, 1.000000000000000000, 0.8660254037844387076, 1.000000000000000000, 0.8660254037844387076, 1.000000000000000000, 0.8660254037844387076, 1.000000000000000000, 0.8660254037844387076, 1.000000000000000000, 0.8660254037844387076, 1.000000000000000000, 0.8660254037844387076, 1.000000000000000000, 0.8660254037844387076, 1.000000000000000000, 0.8660254037844387076, 1.000000000000000000, 0.8660254037844387076, 1.000000000000000000, 0.8660254037844387076, 1.000000000000000000, 0.8660254037844387076, 1.000000000000000000, 0.8660254037844387076, 1.000000000000000000, 0.8660254037844387076, 1.000000000000000000, 0.8660254037844387076, 1.000000000000000000, 0.8660254037844387076, 1.000000000000000000, 0.8660254037844387076, 1.000000000000000000, 0.8660254037844387076, 1.000000000000000000, 0.8660254037844387076, 1.000000000000000000, 0.8660254037844387076, 1.000000000000000000, 0.8660254037844387076, 1.000000000000000000, 0.8660254037844387076, 1.000000000000000000, 0.8660254037844387076, 1.000000000000000000, 0.8660254037844387076, 1.000000000000000000, 0.8660254037844387076, 1.000000000000000000, 0.8660254037844387076, 1.000000000000000000, 0.8660254037844387076, 1.000000000000000000, 0.8660254037844387076, 1.000000000000000000, 0.8660254037844387076, 1.000000000000000000, 0.8660254037844387076, 1.000000000000000000, 0.8660254037844387076, 1.000000000000000000, 0.8660254037844387076, 1.000000000000000000) ) ) 
 REPRESENTATION_ITEM ( '' )  SURFACE ( )  );
#16 = CARTESIAN_POINT ( 'NONE',  ( 1.017788105676658450, 0.5876202367904181934, -2.333333333333334370 ) ) ;
#17 = B_SPLINE_CURVE_WITH_KNOTS ( 'NONE', 3,
 ( #1925, #1743, #169, #1464 ),
 .UNSPECIFIED., .F., .F.,
 ( 4, 4 ),
 ( 0.0008297619484245877123, 0.0009798310697921620849 ),
 .UNSPECIFIED. ) ;
#18 = ORIENTED_EDGE ( 'NONE', *, *, #1103, .T. ) ;
#19 = DIRECTION ( 'NONE',  ( -0.7071067811865487940, 0.000000000000000000, -0.7071067811865463515 ) ) ;
#20 = DIRECTION ( 'NONE',  ( 0.000000000000000000, 0.000000000000000000, 1.000000000000000000 ) ) ;
#21 = ADVANCED_FACE ( 'NONE', ( #2206 ), #2058, .F. ) ;
#22 = CARTESIAN_POINT ( 'NONE',  ( -1.332311706131739326, -4.880586422032604001E-15, -3.778185118395209319 ) ) ;
#23 = PLANE ( 'NONE',  #138 ) ;
#24 = CYLINDRICAL_SURFACE ( 'NONE', #1093, 1.500000000000000222 ) ;
#25 = CARTESIAN_POINT ( 'NONE',  ( 1.870113174931185594E-16, -1.527063293868265559, -3.796875000000001332 ) ) ;
#26 = EDGE_LOOP ( 'NONE', ( #1123, #268 ) ) ;
#27 = CARTESIAN_POINT ( 'NONE',  ( 1.357050807568877859, 8.309539638847786353E-17, -1.437500000000000888 ) ) ;
#28 = CARTESIAN_POINT ( 'NONE',  ( -0.8660254037844381525, -1.500000000000000666, -0.2916666666666665186 ) ) ;
#29 = VERTEX_POINT ( 'NONE', #825 ) ;
#30 = CARTESIAN_POINT ( 'NONE',  ( -1.357050807568877859, -2.492861891654335783E-16, -2.125000000000000888 ) ) ;
#31 = ORIENTED_EDGE ( 'NONE', *, *, #501, .T. ) ;
#32 = LINE ( 'NONE', #979, #94 ) ;
#33 = DIRECTION ( 'NONE',  ( 0.000000000000000000, 0.000000000000000000, 1.000000000000000000 ) ) ;
#34 = ADVANCED_FACE ( 'NONE', ( #208 ), #24, .F. ) ;
#35 = CARTESIAN_POINT ( 'NONE',  ( 0.000000000000000000, 1.500000000000000222, -3.500000000000000000 ) ) ;
#36 = CARTESIAN_POINT ( 'NONE',  ( 1.175240473580836165, 1.103942166888326870E-15, -0.3788861141556929546 ) ) ;
#37 = CARTESIAN_POINT ( 'NONE',  ( 0.8660254037844392627, -1.499999999999999778, -1.770833333333335924 ) ) ;
#38 = ORIENTED_EDGE ( 'NONE', *, *, #673, .F. ) ;
#39 = CARTESIAN_POINT ( 'NONE',  ( -0.2243700767916289307, 3.045886356309196241, -0.1708300674639744166 ) ) ;
#40 = CARTESIAN_POINT ( 'NONE',  ( -1.763300807568878970, -3.239131034884756050E-16, -3.890625000000000444 ) ) ;
#41 = CARTESIAN_POINT ( 'NONE',  ( 1.017788105676658450, 0.5876202367904181934, -3.395833333333334370 ) ) ;
#42 = CARTESIAN_POINT ( 'NONE',  ( 1.500000000000000222, -4.561024215828087150E-15, -3.687500000000002665 ) ) ;
#43 = ORIENTED_EDGE ( 'NONE', *, *, #1918, .F. ) ;
#44 = CARTESIAN_POINT ( 'NONE',  ( -1.017788105676658894, 0.5876202367904171942, -4.166666666666667851 ) ) ;
#45 = ORIENTED_EDGE ( 'NONE', *, *, #253, .F. ) ;
#46 = CARTESIAN_POINT ( 'NONE',  ( -0.07321706264326809099, 1.489802472490808549, -0.06553236079033021577 ) ) ;
#47 = CARTESIAN_POINT ( 'NONE',  ( -0.6785254037844395958, 1.175240473580835499, -0.7083333333333344806 ) ) ;
#48 = CARTESIAN_POINT ( 'NONE',  ( -1.500000000000000000, 0.4019237886466845433, -1.897329099369260197 ) ) ;
#49 = VERTEX_POINT ( 'NONE', #2152 ) ;
#50 = CARTESIAN_POINT ( 'NONE',  ( 0.8630822096802590604, 0.7976711540952819979, -0.3788861141560118106 ) ) ;
#51 = CARTESIAN_POINT ( 'NONE',  ( 0.000000000000000000, 1.527063293868265337, -4.015625000000000888 ) ) ;
#52 = AXIS2_PLACEMENT_3D ( 'NONE', #431, #2343, #574 ) ;
#53 = CARTESIAN_POINT ( 'NONE',  ( -0.8816504037844390407, -1.527063293868266003, -0.8072916666666672958 ) ) ;
#54 = DIRECTION ( 'NONE',  ( 0.000000000000000000, 0.000000000000000000, -1.000000000000000000 ) ) ;
#55 = ORIENTED_EDGE ( 'NONE', *, *, #974, .F. ) ;
#56 = CARTESIAN_POINT ( 'NONE',  ( -1.017788105676658228, -0.5876202367904186374, -3.583333333333334370 ) ) ;
#57 = ORIENTED_EDGE ( 'NONE', *, *, #1720, .T. ) ;
#58 = CARTESIAN_POINT ( 'NONE',  ( 1.069675116307535534, 0.7397793958411875703, -0.2569730510602862283 ) ) ;
#59 = CARTESIAN_POINT ( 'NONE',  ( -1.500000000000000444, 1.772117688952314140E-15, -1.437500000000002665 ) ) ;
#60 = DIRECTION ( 'NONE',  ( -4.097221632919532250E-16, 1.000000000000000000, 0.000000000000000000 ) ) ;
#61 = DIRECTION ( 'NONE',  ( 1.000000000000000000, 0.000000000000000000, 0.000000000000000000 ) ) ;
#62 = ORIENTED_EDGE ( 'NONE', *, *, #200, .T. ) ;
#63 = CARTESIAN_POINT ( 'NONE',  ( 1.439254484199190365E-16, -1.175240473580836165, -1.062500000000000888 ) ) ;
#64 = CARTESIAN_POINT ( 'NONE',  ( -0.8816504037844403729, 1.527063293868264893, -2.973958333333333481 ) ) ;
#65 = EDGE_CURVE ( 'NONE', #191, #1824, #1857, .T. ) ;
#66 = CARTESIAN_POINT ( 'NONE',  ( -1.322475605676659116, -0.7635316469341333345, -0.3489583333333339255 ) ) ;
#67 = CARTESIAN_POINT ( 'NONE',  ( 0.000000000000000000, 0.000000000000000000, -3.000000000000000888 ) ) ;
#68 = ORIENTED_EDGE ( 'NONE', *, *, #2328, .T. ) ;
#69 = CARTESIAN_POINT ( 'NONE',  ( 1.357050807568877859, 8.309539638847786353E-17, -0.4375000000000009992 ) ) ;
#70 = ORIENTED_EDGE ( 'NONE', *, *, #1442, .T. ) ;
#71 = CARTESIAN_POINT ( 'NONE',  ( 0.6785254037844388186, 1.175240473580835943, -3.291666666666667407 ) ) ;
#72 = CARTESIAN_POINT ( 'NONE',  ( -1.160638689099590115, -0.3401957684110438751, -3.600877577393835516 ) ) ;
#73 = LINE ( 'NONE', #479, #12 ) ;
#74 = EDGE_LOOP ( 'NONE', ( #254, #1233, #142, #1946 ) ) ;
#75 = EDGE_LOOP ( 'NONE', ( #873, #245, #1014 ) ) ;
#76 = CARTESIAN_POINT ( 'NONE',  ( 1.836970198721030181E-16, -1.500000000000000222, -2.749999999999999556 ) ) ;
#77 = CARTESIAN_POINT ( 'NONE',  ( 0.8816504037844401509, -1.527063293868264893, -4.223958333333333925 ) ) ;
#78 = CARTESIAN_POINT ( 'NONE',  ( -0.8816504037844403729, 1.527063293868264893, -1.473958333333333703 ) ) ;
#79 = CARTESIAN_POINT ( 'NONE',  ( 0.000000000000000000, 1.500000000000000222, -2.562500000000002665 ) ) ;
#80 = CARTESIAN_POINT ( 'NONE',  ( 1.357050807568877859, 8.309539638847786353E-17, -0.9375000000000009992 ) ) ;
#81 = VERTEX_POINT ( 'NONE', #460 ) ;
#82 = CARTESIAN_POINT ( 'NONE',  ( -1.017788105676658894, 0.5876202367904171942, -3.166666666666667407 ) ) ;
#83 = CARTESIAN_POINT ( 'NONE',  ( 1.836970198721030427E-16, -1.500000000000000222, -2.812500000000002665 ) ) ;
#84 = CARTESIAN_POINT ( 'NONE',  ( -0.6785254037844395958, 1.175240473580835499, -1.208333333333334370 ) ) ;
#85 = CARTESIAN_POINT ( 'NONE',  ( 1.017788105676658450, -0.5876202367904178603, -2.979166666666667851 ) ) ;
#86 = CARTESIAN_POINT ( 'NONE',  ( -1.336353313709596424, -0.6248142229457787078, -3.918150551638148738 ) ) ;
#87 = VERTEX_POINT ( 'NONE', #2357 ) ;
#88 = CARTESIAN_POINT ( 'NONE',  ( -0.6785254037844395958, 1.175240473580835499, -0.7708333333333342585 ) ) ;
#89 = CARTESIAN_POINT ( 'NONE',  ( -1.322475605676660226, 0.7635316469341315582, -4.432291666666667851 ) ) ;
#90 = ORIENTED_EDGE ( 'NONE', *, *, #1720, .F. ) ;
#91 = CIRCLE ( 'NONE', #2416, 2.750000000000000000 ) ;
#92 = CARTESIAN_POINT ( 'NONE',  ( -1.017788105676658228, -0.5876202367904186374, -4.145833333333333925 ) ) ;
#93 = CARTESIAN_POINT ( 'NONE',  ( -2.749999999999999112, -1.587713240271794612, -0.2456200930616441180 ) ) ;
#94 = VECTOR ( 'NONE', #1587, 1000.000000000000000 ) ;
#95 = VECTOR ( 'NONE', #851, 1000.000000000000000 ) ;
#96 = DESIGN_CONTEXT ( 'detailed design', #2256, 'design' ) ;
#97 = VECTOR ( 'NONE', #2157, 1000.000000000000114 ) ;
#98 = ORIENTED_EDGE ( 'NONE', *, *, #868, .F. ) ;
#99 = CARTESIAN_POINT ( 'NONE',  ( 1.017788105676658450, -0.5876202367904178603, -1.916666666666667629 ) ) ;
#100 = MECHANICAL_CONTEXT ( 'NONE', #466, 'mechanical' ) ;
#101 = CARTESIAN_POINT ( 'NONE',  ( -0.6785254037844385966, -1.175240473580836387, -2.541666666666667407 ) ) ;
#102 = VECTOR ( 'NONE', #2500, 1000.000000000000000 ) ;
#103 = CARTESIAN_POINT ( 'NONE',  ( -0.6785254037844395958, 1.175240473580835721, -3.270833333333334370 ) ) ;
#104 = CARTESIAN_POINT ( 'NONE',  ( 1.333700412935469704, -0.1867798035464468820, -3.789425129026015693 ) ) ;
#105 =( BOUNDED_CURVE ( )  B_SPLINE_CURVE ( 2, ( #1246, #2404, #2379, #653, #618, #1453, #1011, #1397, #2011 ),
 .UNSPECIFIED., .F., .F. ) 
 B_SPLINE_CURVE_WITH_KNOTS ( ( 3, 2, 2, 2, 3 ),
 ( 0.1944444444444444198, 0.2037037037037037202, 0.2222222222222222099, 0.2407407407407406996, 0.2500000000000000000 ),
 .UNSPECIFIED. ) 
 CURVE ( )  GEOMETRIC_REPRESENTATION_ITEM ( )  RATIONAL_B_SPLINE_CURVE ( ( 0.9330127018922194093, 0.9330127018922189652, 1.000000000000000000, 0.8660254037844387076, 1.000000000000000000, 0.8660254037844387076, 1.000000000000000000, 0.9330127018922194093, 0.9330127018922194093 ) ) 
 REPRESENTATION_ITEM ( '' )  );
#106 = ORIENTED_EDGE ( 'NONE', *, *, #1589, .T. ) ;
#107 = DIRECTION ( 'NONE',  ( 1.000000000000000000, 0.000000000000000000, 0.000000000000000000 ) ) ;
#108 = CARTESIAN_POINT ( 'NONE',  ( -0.8660254037844395958, 1.499999999999999778, -3.520833333333335258 ) ) ;
#109 = ORIENTED_EDGE ( 'NONE', *, *, #144, .F. ) ;
#110 = CARTESIAN_POINT ( 'NONE',  ( 1.870113174931185101E-16, -1.527063293868265337, -0.2656250000000006106 ) ) ;
#111 = DIRECTION ( 'NONE',  ( 0.000000000000000000, 0.000000000000000000, 1.000000000000000000 ) ) ;
#112 = CARTESIAN_POINT ( 'NONE',  ( 1.017788105676658450, -0.5876202367904178603, -3.916666666666667407 ) ) ;
#113 = DATE_AND_TIME ( #1718, #1494 ) ;
#114 = CARTESIAN_POINT ( 'NONE',  ( -0.6785254037844385966, -1.175240473580836387, -2.041666666666667851 ) ) ;
#115 = CARTESIAN_POINT ( 'NONE',  ( 0.000000000000000000, 1.175240473580836165, -3.312500000000001332 ) ) ;
#116 = EDGE_CURVE ( 'NONE', #502, #619, #189, .T. ) ;
#117 = VERTEX_POINT ( 'NONE', #1035 ) ;
#118 = CARTESIAN_POINT ( 'NONE',  ( 1.455068057078637622, 2.175771237164065429E-11, -0.09905853065789230194 ) ) ;
#119 = CARTESIAN_POINT ( 'NONE',  ( 0.000000000000000000, 0.000000000000000000, -3.945873412263471547 ) ) ;
#120 = ORIENTED_EDGE ( 'NONE', *, *, #1626, .T. ) ;
#121 = CARTESIAN_POINT ( 'NONE',  ( -1.500000000000000444, 1.772117688952314140E-15, -0.9375000000000024425 ) ) ;
#122 = CARTESIAN_POINT ( 'NONE',  ( 1.017788105676658450, 0.5876202367904181934, -0.3958333333333343140 ) ) ;
#123 = CARTESIAN_POINT ( 'NONE',  ( 1.357050807568877859, 8.309539638847786353E-17, -1.875000000000000888 ) ) ;
#124 = CARTESIAN_POINT ( 'NONE',  ( 1.357050807568877859, 8.309539638847786353E-17, -1.875000000000000888 ) ) ;
#125 = CARTESIAN_POINT ( 'NONE',  ( 0.6785254037844393737, -1.175240473580835721, -2.520833333333334370 ) ) ;
#126 = CARTESIAN_POINT ( 'NONE',  ( -0.6785254037844385966, -1.175240473580836387, -3.104166666666667851 ) ) ;
#127 = DIRECTION ( 'NONE',  ( 1.000000000000000000, 0.000000000000000000, 0.000000000000000000 ) ) ;
#128 = CARTESIAN_POINT ( 'NONE',  ( -0.8816504037844391517, -1.527063293868266225, -0.3385416666666682395 ) ) ;
#129 = CARTESIAN_POINT ( 'NONE',  ( -1.017788105676658228, -0.5876202367904186374, -0.1458333333333343418 ) ) ;
#130 = ORIENTED_EDGE ( 'NONE', *, *, #369, .T. ) ;
#131 = CARTESIAN_POINT ( 'NONE',  ( -0.9358000806358849344, 1.172296126873147104, -3.945873412263450675 ) ) ;
#132 = EDGE_CURVE ( 'NONE', #1028, #1448, #2195, .T. ) ;
#133 = FACE_OUTER_BOUND ( 'NONE', #2208, .T. ) ;
#134 = CARTESIAN_POINT ( 'NONE',  ( 1.439254484199190365E-16, -1.175240473580836165, -1.084202172485504434E-15 ) ) ;
#135 = PLANE ( 'NONE',  #385 ) ;
#136 = CARTESIAN_POINT ( 'NONE',  ( -1.017788105676658228, -0.5876202367904186374, -1.645833333333334147 ) ) ;
#137 = DIRECTION ( 'NONE',  ( 0.000000000000000000, 0.000000000000000000, -1.000000000000000000 ) ) ;
#138 = AXIS2_PLACEMENT_3D ( 'NONE', #384, #2322, #765 ) ;
#139 = CARTESIAN_POINT ( 'NONE',  ( -0.6785254037844395958, 1.175240473580835499, -2.270833333333334370 ) ) ;
#140 = DIRECTION ( 'NONE',  ( 1.000000000000000000, 0.000000000000000000, 0.000000000000000000 ) ) ;
#141 = CARTESIAN_POINT ( 'NONE',  ( 0.8816504037844393737, 1.527063293868265781, 0.4114583333333316495 ) ) ;
#142 = ORIENTED_EDGE ( 'NONE', *, *, #132, .T. ) ;
#143 = CARTESIAN_POINT ( 'NONE',  ( 0.9358000806358267587, 1.172296126873231925, -0.05412658773652962579 ) ) ;
#144 = EDGE_CURVE ( 'NONE', #2160, #2439, #730, .T. ) ;
#145 = B_SPLINE_CURVE_WITH_KNOTS ( 'NONE', 3,
 ( #2001, #2344, #1003, #599, #1045, #1813 ),
 .UNSPECIFIED., .F., .F.,
 ( 4, 2, 4 ),
 ( 0.000000000000000000, 0.0004694293522878723707, 0.0009388587045757447415 ),
 .UNSPECIFIED. ) ;
#146 = CARTESIAN_POINT ( 'NONE',  ( 1.500000000000000444, -1.074891057233370936E-15, -0.6250000000000000000 ) ) ;
#147 = CARTESIAN_POINT ( 'NONE',  ( 0.8025569790306341655, -1.131467081343985992, -3.829975995217616447 ) ) ;
#148 = CARTESIAN_POINT ( 'NONE',  ( 0.000000000000000000, 1.175240473580836165, -1.250000000000001110 ) ) ;
#149 = APPROVAL_ROLE ( '' ) ;
#150 = DIRECTION ( 'NONE',  ( -1.000000000000000000, 0.000000000000000000, 0.000000000000000000 ) ) ;
#151 = CARTESIAN_POINT ( 'NONE',  ( 0.6785254037844388186, 1.175240473580835943, -0.2916666666666676844 ) ) ;
#152 = CARTESIAN_POINT ( 'NONE',  ( 2.749999999999998668, 1.070880792428387407, -0.1097972406464206296 ) ) ;
#153 = CARTESIAN_POINT ( 'NONE',  ( -2.749999999999999112, 1.587713240271468873, -3.000000000000000888 ) ) ;
#154 = CARTESIAN_POINT ( 'NONE',  ( 0.000000000000000000, 0.000000000000000000, -3.000000000000000888 ) ) ;
#155 = FACE_OUTER_BOUND ( 'NONE', #439, .T. ) ;
#156 = LINE ( 'NONE', #1923, #1256 ) ;
#157 = CARTESIAN_POINT ( 'NONE',  ( 1.500000000000000222, -4.561024215828087150E-15, -3.124999999999999556 ) ) ;
#158 = CARTESIAN_POINT ( 'NONE',  ( -0.6785254037844395958, 1.175240473580835721, -0.2083333333333343973 ) ) ;
#159 = DATE_TIME_ROLE ( 'classification_date' ) ;
#160 = CARTESIAN_POINT ( 'NONE',  ( -0.9358000806358850454, 1.172296126873147104, -3.945873412263450675 ) ) ;
#161 = CARTESIAN_POINT ( 'NONE',  ( -1.017788105676658894, 0.5876202367904171942, -1.666666666666667629 ) ) ;
#162 = CARTESIAN_POINT ( 'NONE',  ( 0.000000000000000000, 0.000000000000000000, 0.000000000000000000 ) ) ;
#163 = DIRECTION ( 'NONE',  ( 0.5000000000000005551, -0.8660254037844383745, 0.000000000000000000 ) ) ;
#164 = CARTESIAN_POINT ( 'NONE',  ( 1.500000000000000222, 0.000000000000000000, -3.000000000000000888 ) ) ;
#165 = EDGE_CURVE ( 'NONE', #1669, #1429, #455, .T. ) ;
#166 = CARTESIAN_POINT ( 'NONE',  ( -1.322475605676659338, -0.7635316469341334455, -0.3802083333333349247 ) ) ;
#167 = FACE_OUTER_BOUND ( 'NONE', #74, .T. ) ;
#168 = CARTESIAN_POINT ( 'NONE',  ( 1.017788105676658450, 0.5876202367904181934, 0.1041666666666656443 ) ) ;
#169 = CARTESIAN_POINT ( 'NONE',  ( -1.496476476619200691, 0.05050111156285581188, -3.942349888882672015 ) ) ;
#170 = CARTESIAN_POINT ( 'NONE',  ( 0.6785254037844393737, -1.175240473580835721, -0.4583333333333343140 ) ) ;
#171 = CARTESIAN_POINT ( 'NONE',  ( 1.439254484199190365E-16, -1.175240473580836165, -1.500000000000001110 ) ) ;
#172 = CARTESIAN_POINT ( 'NONE',  ( -1.299038105676658894, 0.7499999999999991118, -1.416666666666666519 ) ) ;
#173 = EDGE_CURVE ( 'NONE', #264, #1469, #1227, .T. ) ;
#174 = CARTESIAN_POINT ( 'NONE',  ( -1.131389005866517694, -0.6938528682091897881, -0.2299637283942684018 ) ) ;
#175 = DIRECTION ( 'NONE',  ( 0.000000000000000000, 0.000000000000000000, 1.000000000000000000 ) ) ;
#176 = EDGE_CURVE ( 'NONE', #1407, #1824, #519, .T. ) ;
#177 = AXIS2_PLACEMENT_3D ( 'NONE', #901, #2079, #523 ) ;
#178 = CARTESIAN_POINT ( 'NONE',  ( -1.763300807568879414, -3.239131034884756543E-16, -1.921875000000001776 ) ) ;
#179 = CARTESIAN_POINT ( 'NONE',  ( -0.6785254037844395958, 1.175240473580835721, -3.770833333333333925 ) ) ;
#180 = CARTESIAN_POINT ( 'NONE',  ( 0.000000000000000000, 0.000000000000000000, 0.000000000000000000 ) ) ;
#181 = CARTESIAN_POINT ( 'NONE',  ( 0.000000000000000000, 0.000000000000000000, -3.000000000000000888 ) ) ;
#182 = CARTESIAN_POINT ( 'NONE',  ( -1.299038105676657784, -0.7500000000000007772, -0.8958333333333357018 ) ) ;
#183 = CARTESIAN_POINT ( 'NONE',  ( -1.500000000000000222, -5.810221930991193690E-16, -2.374999999999999112 ) ) ;
#184 = CYLINDRICAL_SURFACE ( 'NONE', #1342, 1.500000000000000222 ) ;
#185 = DIRECTION ( 'NONE',  ( 1.000000000000000000, 0.000000000000000000, 0.000000000000000000 ) ) ;
#186 = CARTESIAN_POINT ( 'NONE',  ( 0.8816504037844401509, -1.527063293868265115, -2.755208333333334814 ) ) ;
#187 = CARTESIAN_POINT ( 'NONE',  ( 0.000000000000000000, 1.175240473580836165, -2.812500000000001332 ) ) ;
#188 = CARTESIAN_POINT ( 'NONE',  ( -0.1022344404796328848, 1.251716784596630605, -3.699069054972978776 ) ) ;
#189 =( BOUNDED_CURVE ( )  B_SPLINE_CURVE ( 2, ( #1992, #629, #1976, #1226, #840, #37, #239, #1605, #2372 ),
 .UNSPECIFIED., .F., .F. ) 
 B_SPLINE_CURVE_WITH_KNOTS ( ( 3, 2, 2, 2, 3 ),
 ( 0.4722222222222222099, 0.4814814814814815103, 0.5000000000000000000, 0.5185185185185186008, 0.5277777777777777901 ),
 .UNSPECIFIED. ) 
 CURVE ( )  GEOMETRIC_REPRESENTATION_ITEM ( )  RATIONAL_B_SPLINE_CURVE ( ( 0.9330127018922194093, 0.9330127018922194093, 1.000000000000000000, 0.8660254037844387076, 1.000000000000000000, 0.8660254037844387076, 1.000000000000000000, 0.9330127018922194093, 0.9330127018922194093 ) ) 
 REPRESENTATION_ITEM ( '' )  );
#190 = CARTESIAN_POINT ( 'NONE',  ( 1.017788105676658450, 0.5876202367904181934, -0.8333333333333343695 ) ) ;
#191 = VERTEX_POINT ( 'NONE', #1525 ) ;
#192 = CARTESIAN_POINT ( 'NONE',  ( 0.000000000000000000, 0.000000000000000000, -3.000000000000000888 ) ) ;
#193 = CARTESIAN_POINT ( 'NONE',  ( -0.7172929259478111330, 1.050728107189473626, -0.3062380256138407253 ) ) ;
#194 = CARTESIAN_POINT ( 'NONE',  ( -0.1185632778268688736, -1.369643624134641469, -0.1822942122967790568 ) ) ;
#195 = CARTESIAN_POINT ( 'NONE',  ( -1.608385152161829090, -2.246824879981711653, 2.398797306624179349E-15 ) ) ;
#196 = CARTESIAN_POINT ( 'NONE',  ( 0.8816504037844393737, 1.527063293868265781, -3.088541666666668295 ) ) ;
#197 = PRODUCT_DEFINITION ( 'UNKNOWN', '', #967, #96 ) ;
#198 = CARTESIAN_POINT ( 'NONE',  ( 0.000000000000000000, 1.175240473580836165, -1.812500000000001110 ) ) ;
#199 = CARTESIAN_POINT ( 'NONE',  ( 0.3926653940004395382, 1.221082478604474053, -3.718042989107391172 ) ) ;
#200 = EDGE_CURVE ( 'NONE', #2049, #1564, #1793, .T. ) ;
#201 = CARTESIAN_POINT ( 'NONE',  ( -0.6785254037844385966, -1.175240473580836165, -4.041666666666666963 ) ) ;
#202 = ORIENTED_EDGE ( 'NONE', *, *, #1287, .T. ) ;
#203 = LINE ( 'NONE', #2129, #1293 ) ;
#204 = DIRECTION ( 'NONE',  ( 1.000000000000000000, 0.000000000000000000, 0.000000000000000000 ) ) ;
#205 = AXIS2_PLACEMENT_3D ( 'NONE', #2105, #755, #368 ) ;
#206 = CARTESIAN_POINT ( 'NONE',  ( -1.273096901852699414, -0.3615564934338535985, -0.2429507469253671670 ) ) ;
#207 = CARTESIAN_POINT ( 'NONE',  ( 0.000000000000000000, 0.000000000000000000, -3.000000000000000888 ) ) ;
#208 = FACE_OUTER_BOUND ( 'NONE', #2167, .T. ) ;
#209 = AXIS2_PLACEMENT_3D ( 'NONE', #2009, #1422, #1665 ) ;
#210 = CARTESIAN_POINT ( 'NONE',  ( -0.8816504037844391517, -1.527063293868266225, -2.838541666666668295 ) ) ;
#211 = EDGE_LOOP ( 'NONE', ( #1600, #1420 ) ) ;
#212 = AXIS2_PLACEMENT_3D ( 'NONE', #1707, #526, #150 ) ;
#213 = CARTESIAN_POINT ( 'NONE',  ( 1.439254484199190365E-16, -1.175240473580836165, -1.562500000000000888 ) ) ;
#214 = DIRECTION ( 'NONE',  ( -1.000000000000000000, 0.000000000000000000, -0.000000000000000000 ) ) ;
#215 = EDGE_CURVE ( 'NONE', #1469, #49, #1537, .T. ) ;
#216 = ORIENTED_EDGE ( 'NONE', *, *, #945, .F. ) ;
#217 = CARTESIAN_POINT ( 'NONE',  ( -1.017788105676658228, -0.5876202367904186374, -4.083333333333334814 ) ) ;
#218 = EDGE_LOOP ( 'NONE', ( #289, #1968, #1872, #400 ) ) ;
#219 = CARTESIAN_POINT ( 'NONE',  ( 1.299038105676658228, 0.7500000000000003331, -1.645833333333335924 ) ) ;
#220 = CARTESIAN_POINT ( 'NONE',  ( -0.2535254197838381351, 1.225689950747067991, -0.3272288085948417691 ) ) ;
#221 = CARTESIAN_POINT ( 'NONE',  ( -1.299038105676658006, -0.7500000000000006661, -1.833333333333333037 ) ) ;
#222 = CARTESIAN_POINT ( 'NONE',  ( 2.750000000000000000, 1.126735949052871492E-15, 0.000000000000000000 ) ) ;
#223 = ORIENTED_EDGE ( 'NONE', *, *, #1549, .F. ) ;
#224 = CARTESIAN_POINT ( 'NONE',  ( -0.8816504037844405950, 1.527063293868265115, -4.005208333333334814 ) ) ;
#225 = VERTEX_POINT ( 'NONE', #2480 ) ;
#226 = CARTESIAN_POINT ( 'NONE',  ( 1.017788105676658450, 0.5876202367904181934, -0.8958333333333342585 ) ) ;
#227 = CARTESIAN_POINT ( 'NONE',  ( 1.870113174931185101E-16, -1.527063293868265337, -3.765625000000000444 ) ) ;
#228 = CARTESIAN_POINT ( 'NONE',  ( -0.6785254037844395958, 1.175240473580835721, -3.270833333333334370 ) ) ;
#229 = PLANE ( 'NONE',  #1299 ) ;
#230 = B_SPLINE_CURVE_WITH_KNOTS ( 'NONE', 3,
 ( #93, #2051, #2455, #2039, #1691, #287 ),
 .UNSPECIFIED., .F., .F.,
 ( 4, 2, 4 ),
 ( 0.002910831792256677372, 0.003714314003853773447, 0.004517796215450869089 ),
 .UNSPECIFIED. ) ;
#231 = EDGE_LOOP ( 'NONE', ( #1427, #2196 ) ) ;
#232 = CARTESIAN_POINT ( 'NONE',  ( -1.017788105676658228, -0.5876202367904186374, -3.083333333333334370 ) ) ;
#233 = ORIENTED_EDGE ( 'NONE', *, *, #830, .F. ) ;
#234 = CARTESIAN_POINT ( 'NONE',  ( -2.578905354206764841E-15, 3.175426480542939078, -0.2456200930618598066 ) ) ;
#235 = FACE_OUTER_BOUND ( 'NONE', #453, .T. ) ;
#236 = CC_DESIGN_PERSON_AND_ORGANIZATION_ASSIGNMENT ( #2054, #1099, ( #1311 ) ) ;
#237 = DIRECTION ( 'NONE',  ( 0.000000000000000000, 0.000000000000000000, 1.000000000000000000 ) ) ;
#238 = CARTESIAN_POINT ( 'NONE',  ( 1.500000000000001332, 0.4019237886466820453, -2.165170900630742246 ) ) ;
#239 = CARTESIAN_POINT ( 'NONE',  ( 1.299038105676658228, -0.7499999999999997780, -1.729166666666669183 ) ) ;
#240 = ORIENTED_EDGE ( 'NONE', *, *, #335, .T. ) ;
#241 = CARTESIAN_POINT ( 'NONE',  ( -0.6785254037844395958, 1.175240473580835499, -1.270833333333334370 ) ) ;
#242 = CARTESIAN_POINT ( 'NONE',  ( -1.763300807568878970, -3.239131034884756050E-16, -2.890625000000000000 ) ) ;
#243 = CARTESIAN_POINT ( 'NONE',  ( 0.000000000000000000, 1.527063293868265337, -0.01562500000000061062 ) ) ;
#244 = CARTESIAN_POINT ( 'NONE',  ( 1.500000000000000222, 0.000000000000000000, -3.000000000000000888 ) ) ;
#245 = ORIENTED_EDGE ( 'NONE', *, *, #176, .F. ) ;
#246 = CARTESIAN_POINT ( 'NONE',  ( 0.000000000000000000, 1.175240473580836165, -4.250000000000000000 ) ) ;
#247 =( BOUNDED_CURVE ( )  B_SPLINE_CURVE ( 2, ( #2245, #892, #644, #2396, #2042, #1044, #1250, #1658, #443 ),
 .UNSPECIFIED., .F., .T. ) 
 B_SPLINE_CURVE_WITH_KNOTS ( ( 3, 2, 2, 2, 3 ),
 ( 0.1944444444444444475, 0.2037037037037036924, 0.2222222222222222099, 0.2407407407407407274, 0.2500000000000000000 ),
 .UNSPECIFIED. ) 
 CURVE ( )  GEOMETRIC_REPRESENTATION_ITEM ( )  RATIONAL_B_SPLINE_CURVE ( ( 0.9330127018922192983, 0.9330127018922194093, 1.000000000000000000, 0.8660254037844387076, 1.000000000000000000, 0.8660254037844387076, 1.000000000000000000, 0.9330127018922191873, 0.9330127018922192983 ) ) 
 REPRESENTATION_ITEM ( '' )  );
#248 = ORIENTED_EDGE ( 'NONE', *, *, #2087, .F. ) ;
#249 = DIRECTION ( 'NONE',  ( 0.000000000000000000, 0.000000000000000000, 1.000000000000000000 ) ) ;
#250 = DIRECTION ( 'NONE',  ( 0.000000000000000000, 0.000000000000000000, 1.000000000000000000 ) ) ;
#251 = CARTESIAN_POINT ( 'NONE',  ( -1.500000000000000444, 0.4019237886466834331, -3.397329099369259531 ) ) ;
#252 = CARTESIAN_POINT ( 'NONE',  ( -0.8660254037844395958, 1.499999999999999778, -2.020833333333335702 ) ) ;
#253 = EDGE_CURVE ( 'NONE', #81, #87, #1111, .T. ) ;
#254 = ORIENTED_EDGE ( 'NONE', *, *, #1534, .F. ) ;
#255 = CARTESIAN_POINT ( 'NONE',  ( -1.322475605676660226, 0.7635316469341315582, -3.432291666666666963 ) ) ;
#256 = CIRCLE ( 'NONE', #2097, 4.000000000000000000 ) ;
#257 = AXIS2_PLACEMENT_3D ( 'NONE', #1962, #1006, #1211 ) ;
#258 = CARTESIAN_POINT ( 'NONE',  ( 1.322475605676659338, 0.7635316469341328904, -0.5989583333333339255 ) ) ;
#259 = CARTESIAN_POINT ( 'NONE',  ( -1.843520544858950005, 2.111069397712019846, 2.554717019182356687E-15 ) ) ;
#260 = VECTOR ( 'NONE', #2510, 1000.000000000000000 ) ;
#261 = ORIENTED_EDGE ( 'NONE', *, *, #1365, .T. ) ;
#262 = CARTESIAN_POINT ( 'NONE',  ( 1.439254484199190365E-16, -1.175240473580836165, -4.000000000000000000 ) ) ;
#263 = EDGE_CURVE ( 'NONE', #1386, #1663, #757, .T. ) ;
#264 = VERTEX_POINT ( 'NONE', #940 ) ;
#265 = DIRECTION ( 'NONE',  ( 0.000000000000000000, 0.000000000000000000, -1.000000000000000000 ) ) ;
#266 = CARTESIAN_POINT ( 'NONE',  ( -1.017788105676658228, -0.5876202367904186374, -3.583333333333334370 ) ) ;
#267 = FACE_OUTER_BOUND ( 'NONE', #1449, .T. ) ;
#268 = ORIENTED_EDGE ( 'NONE', *, *, #2376, .T. ) ;
#269 = ORIENTED_EDGE ( 'NONE', *, *, #2443, .T. ) ;
#270 = CARTESIAN_POINT ( 'NONE',  ( -2.578905354206764841E-15, 3.175426480542939078, -0.2456200930618598066 ) ) ;
#271 = CARTESIAN_POINT ( 'NONE',  ( 0.8816504037844392627, 1.527063293868265337, -4.057291666666666963 ) ) ;
#272 = EDGE_CURVE ( 'NONE', #1054, #191, #1570, .T. ) ;
#273 = CARTESIAN_POINT ( 'NONE',  ( 0.8816504037844401509, -1.527063293868264893, -1.223958333333333925 ) ) ;
#274 = CARTESIAN_POINT ( 'NONE',  ( 0.8660254037844393737, -1.499999999999999778, -0.2083333333333332038 ) ) ;
#275 = CARTESIAN_POINT ( 'NONE',  ( 0.000000000000000000, 1.175240473580836165, -0.8125000000000009992 ) ) ;
#276 = VERTEX_POINT ( 'NONE', #1748 ) ;
#277 = CARTESIAN_POINT ( 'NONE',  ( -0.6785254037844385966, -1.175240473580836165, -2.541666666666667407 ) ) ;
#278 = CARTESIAN_POINT ( 'NONE',  ( 1.110793125423313210, 0.6521520078528443287, -0.2694668815510441462 ) ) ;
#279 = CARTESIAN_POINT ( 'NONE',  ( 1.439254484199190365E-16, -1.175240473580836165, -2.500000000000000888 ) ) ;
#280 = CARTESIAN_POINT ( 'NONE',  ( 1.439254484199190365E-16, -1.175240473580836165, -4.062500000000000000 ) ) ;
#281 = CARTESIAN_POINT ( 'NONE',  ( -0.2474682608158736974, -1.414002872504979802, -3.869475690291876102 ) ) ;
#282 =( BOUNDED_CURVE ( )  B_SPLINE_CURVE ( 2, ( #1347, #374, #172, #736, #1145, #1752, #2487, #1519, #2498 ),
 .UNSPECIFIED., .F., .T. ) 
 B_SPLINE_CURVE_WITH_KNOTS ( ( 3, 2, 2, 2, 3 ),
 ( 0.3055555555555555802, 0.3148148148148148251, 0.3333333333333333148, 0.3518518518518518601, 0.3611111111111111049 ),
 .UNSPECIFIED. ) 
 CURVE ( )  GEOMETRIC_REPRESENTATION_ITEM ( )  RATIONAL_B_SPLINE_CURVE ( ( 0.9330127018922194093, 0.9330127018922195203, 1.000000000000000000, 0.8660254037844387076, 1.000000000000000000, 0.8660254037844387076, 1.000000000000000000, 0.9330127018922194093, 0.9330127018922194093 ) ) 
 REPRESENTATION_ITEM ( '' )  );
#283 = ORIENTED_EDGE ( 'NONE', *, *, #1334, .T. ) ;
#284 = CARTESIAN_POINT ( 'NONE',  ( 1.375030116965017868, 0.5440723908775012552, -0.07955671527537672150 ) ) ;
#285 = CARTESIAN_POINT ( 'NONE',  ( 1.173961897284921285, -0.05480542368868306785, -0.3788861141556922330 ) ) ;
#286 = CARTESIAN_POINT ( 'NONE',  ( 0.000000000000000000, 1.527063293868265337, -0.5156250000000006661 ) ) ;
#287 = CARTESIAN_POINT ( 'NONE',  ( -2.750000000000000000, 0.000000000000000000, 0.000000000000000000 ) ) ;
#288 = ADVANCED_FACE ( 'NONE', ( #155 ), #15, .T. ) ;
#289 = ORIENTED_EDGE ( 'NONE', *, *, #2522, .F. ) ;
#290 = CARTESIAN_POINT ( 'NONE',  ( -1.357050807568877859, -2.492861891654335783E-16, -4.125000000000000000 ) ) ;
#291 = CARTESIAN_POINT ( 'NONE',  ( 0.6785254037844388186, 1.175240473580836165, -2.291666666666667407 ) ) ;
#292 = CARTESIAN_POINT ( 'NONE',  ( 1.439254484199190365E-16, -1.175240473580836165, -2.062500000000000888 ) ) ;
#293 = CARTESIAN_POINT ( 'NONE',  ( -1.446921507670219542, -0.3687709907249189789, -3.927440766259971294 ) ) ;
#294 = ORIENTED_EDGE ( 'NONE', *, *, #2172, .F. ) ;
#295 = CARTESIAN_POINT ( 'NONE',  ( 1.357050807568877859, 8.309539638847786353E-17, -2.437500000000000888 ) ) ;
#296 = FACE_OUTER_BOUND ( 'NONE', #1281, .T. ) ;
#297 = ORIENTED_EDGE ( 'NONE', *, *, #1395, .F. ) ;
#298 = CIRCLE ( 'NONE', #964, 2.750000000000000000 ) ;
#299 = CARTESIAN_POINT ( 'NONE',  ( 0.000000000000000000, 1.175240473580836165, -4.312500000000000000 ) ) ;
#300 = CARTESIAN_POINT ( 'NONE',  ( -1.500000000000000444, 1.772117688952314140E-15, -1.437500000000002665 ) ) ;
#301 = EDGE_CURVE ( 'NONE', #1957, #1713, #668, .T. ) ;
#302 = ADVANCED_FACE ( 'NONE', ( #1375 ), #1364, .F. ) ;
#303 = CARTESIAN_POINT ( 'NONE',  ( -1.017788105676658228, -0.5876202367904186374, -2.583333333333334370 ) ) ;
#304 = CARTESIAN_POINT ( 'NONE',  ( 0.000000000000000000, 0.000000000000000000, 0.000000000000000000 ) ) ;
#305 = CARTESIAN_POINT ( 'NONE',  ( 0.6785254037844392627, -1.175240473580835943, -3.458333333333333925 ) ) ;
#306 = AXIS2_PLACEMENT_3D ( 'NONE', #2151, #394, #568 ) ;
#307 = CARTESIAN_POINT ( 'NONE',  ( 1.439254484199190365E-16, -1.175240473580836165, -3.062500000000000888 ) ) ;
#308 = ORIENTED_EDGE ( 'NONE', *, *, #176, .T. ) ;
#309 = CARTESIAN_POINT ( 'NONE',  ( 1.017788105676658450, 0.5876202367904181934, -3.395833333333334370 ) ) ;
#310 = CARTESIAN_POINT ( 'NONE',  ( -0.1685531949310646593, 1.490499855913622440, -0.05412658773652894578 ) ) ;
#311 = ORIENTED_EDGE ( 'NONE', *, *, #2225, .T. ) ;
#312 = CARTESIAN_POINT ( 'NONE',  ( -1.763300807568878970, -3.239131034884756050E-16, -2.390625000000000444 ) ) ;
#313 = CARTESIAN_POINT ( 'NONE',  ( 0.8630822096802590604, 0.7976711540952819979, -0.3788861141560118106 ) ) ;
#314 = CARTESIAN_POINT ( 'NONE',  ( 1.175240473580836165, -0.01825061826586629743, -0.3788861141556927326 ) ) ;
#315 = CARTESIAN_POINT ( 'NONE',  ( -0.6785254037844395958, 1.175240473580835721, -3.708333333333333925 ) ) ;
#316 = SECURITY_CLASSIFICATION_LEVEL ( 'unclassified' ) ;
#317 = CARTESIAN_POINT ( 'NONE',  ( 0.6785254037844388186, 1.175240473580836165, -2.791666666666666963 ) ) ;
#318 = CARTESIAN_POINT ( 'NONE',  ( 0.6785254037844393737, -1.175240473580835721, -2.020833333333334370 ) ) ;
#319 =( BOUNDED_CURVE ( )  B_SPLINE_CURVE ( 2, ( #1367, #2178, #182, #2520, #787, #1565, #586, #1378, #391 ),
 .UNSPECIFIED., .F., .F. ) 
 B_SPLINE_CURVE_WITH_KNOTS ( ( 3, 2, 2, 2, 3 ),
 ( 0.6944444444444444198, 0.7037037037037037202, 0.7222222222222222099, 0.7407407407407406996, 0.7500000000000000000 ),
 .UNSPECIFIED. ) 
 CURVE ( )  GEOMETRIC_REPRESENTATION_ITEM ( )  RATIONAL_B_SPLINE_CURVE ( ( 0.9330127018922194093, 0.9330127018922194093, 1.000000000000000000, 0.8660254037844387076, 1.000000000000000000, 0.8660254037844387076, 1.000000000000000000, 0.9330127018922194093, 0.9330127018922194093 ) ) 
 REPRESENTATION_ITEM ( '' )  );
#320 = PRODUCT_RELATED_PRODUCT_CATEGORY ( 'detail', '', ( #1311 ) ) ;
#321 = EDGE_LOOP ( 'NONE', ( #1623, #1772, #899, #507, #621 ) ) ;
#322 = CARTESIAN_POINT ( 'NONE',  ( -1.500000000000000444, 6.972266317189433020E-16, -0.8749999999999998890 ) ) ;
#323 = EDGE_CURVE ( 'NONE', #818, #428, #372, .T. ) ;
#324 = DIRECTION ( 'NONE',  ( 0.000000000000000000, 0.000000000000000000, 1.000000000000000000 ) ) ;
#325 = CARTESIAN_POINT ( 'NONE',  ( -1.017788105676658228, -0.5876202367904186374, -0.6458333333333342585 ) ) ;
#326 = EDGE_LOOP ( 'NONE', ( #848, #62, #1076, #614 ) ) ;
#327 = CARTESIAN_POINT ( 'NONE',  ( 1.299038105676658450, -0.7499999999999997780, -1.166666666666666519 ) ) ;
#328 = CARTESIAN_POINT ( 'NONE',  ( 0.000000000000000000, 1.175240473580836165, 0.1874999999999989730 ) ) ;
#329 = CARTESIAN_POINT ( 'NONE',  ( -1.357050807568877859, -2.492861891654335783E-16, -0.1250000000000010825 ) ) ;
#330 = CALENDAR_DATE ( 2026, 7, 1 ) ;
#331 = CARTESIAN_POINT ( 'NONE',  ( -1.500000000000000444, 6.972266317189433020E-16, -0.3749999999999999445 ) ) ;
#332 = CARTESIAN_POINT ( 'NONE',  ( 1.017788105676658450, -0.5876202367904178603, -3.979166666666667407 ) ) ;
#333 = CARTESIAN_POINT ( 'NONE',  ( 1.357050807568877859, 8.309539638847786353E-17, -1.937500000000000888 ) ) ;
#334 = CARTESIAN_POINT ( 'NONE',  ( 0.000000000000000000, 0.000000000000000000, -3.000000000000000888 ) ) ;
#335 = EDGE_CURVE ( 'NONE', #1844, #1642, #582, .T. ) ;
#336 = CARTESIAN_POINT ( 'NONE',  ( 0.8816504037844393737, 1.527063293868265781, -0.5885416666666682950 ) ) ;
#337 = ORIENTED_EDGE ( 'NONE', *, *, #588, .F. ) ;
#338 = DIRECTION ( 'NONE',  ( 1.000000000000000000, 0.000000000000000000, 0.000000000000000000 ) ) ;
#339 = CARTESIAN_POINT ( 'NONE',  ( 1.017788105676658450, -0.5876202367904178603, 0.02083333333333231216 ) ) ;
#340 = DIRECTION ( 'NONE',  ( 1.000000000000000000, 0.000000000000000000, 0.000000000000000000 ) ) ;
#341 = CARTESIAN_POINT ( 'NONE',  ( -1.357050807568877859, -2.492861891654335783E-16, -1.125000000000000888 ) ) ;
#342 = CALENDAR_DATE ( 2026, 7, 1 ) ;
#343 = FACE_OUTER_BOUND ( 'NONE', #1412, .T. ) ;
#344 = CARTESIAN_POINT ( 'NONE',  ( -1.017788105676658228, -0.5876202367904186374, -0.5833333333333343695 ) ) ;
#345 = VECTOR ( 'NONE', #980, 1000.000000000000000 ) ;
#346 = CARTESIAN_POINT ( 'NONE',  ( 0.4498622899576153467, 2.915698366337646785, -0.09566599640799210158 ) ) ;
#347 = AXIS2_PLACEMENT_3D ( 'NONE', #2288, #2099, #140 ) ;
#348 = CARTESIAN_POINT ( 'NONE',  ( 0.6785254037844392627, -1.175240473580835943, -3.520833333333333925 ) ) ;
#349 = CARTESIAN_POINT ( 'NONE',  ( -1.299038105676658894, 0.7499999999999991118, -3.479166666666669183 ) ) ;
#350 = CARTESIAN_POINT ( 'NONE',  ( 0.8816504037844401509, -1.527063293868265115, -0.7552083333333350357 ) ) ;
#351 =( BOUNDED_CURVE ( )  B_SPLINE_CURVE ( 2, ( #417, #1033, #2386, #445, #823, #2163, #221, #1209, #838 ),
 .UNSPECIFIED., .F., .T. ) 
 B_SPLINE_CURVE_WITH_KNOTS ( ( 3, 2, 2, 2, 3 ),
 ( 0.3611111111111111049, 0.3703703703703703498, 0.3888888888888888951, 0.4074074074074073848, 0.4166666666666666852 ),
 .UNSPECIFIED. ) 
 CURVE ( )  GEOMETRIC_REPRESENTATION_ITEM ( )  RATIONAL_B_SPLINE_CURVE ( ( 0.9330127018922194093, 0.9330127018922194093, 1.000000000000000000, 0.8660254037844387076, 1.000000000000000000, 0.8660254037844387076, 1.000000000000000000, 0.9330127018922191873, 0.9330127018922194093 ) ) 
 REPRESENTATION_ITEM ( '' )  );
#352 = CARTESIAN_POINT ( 'NONE',  ( 0.000000000000000000, 0.000000000000000000, -3.000000000000000888 ) ) ;
#353 = ADVANCED_FACE ( 'NONE', ( #2310 ), #2364, .T. ) ;
#354 = CARTESIAN_POINT ( 'NONE',  ( 1.299038105676658228, -0.7499999999999997780, -3.729166666666668739 ) ) ;
#355 = CARTESIAN_POINT ( 'NONE',  ( -1.494691469341320023, -6.391244124090311383E-16, -3.940564881604793346 ) ) ;
#356 = CARTESIAN_POINT ( 'NONE',  ( 0.2275298382154238852, 1.255554027982757725, -3.711286608463117531 ) ) ;
#357 = CARTESIAN_POINT ( 'NONE',  ( -0.6785254037844385966, -1.175240473580836165, -1.541666666666667851 ) ) ;
#358 = CARTESIAN_POINT ( 'NONE',  ( -1.500000000000000222, 4.183359790313659220E-15, -3.874999999999999556 ) ) ;
#359 = CARTESIAN_POINT ( 'NONE',  ( 1.357050807568877859, 8.309539638847786353E-17, -0.8750000000000011102 ) ) ;
#360 = CARTESIAN_POINT ( 'NONE',  ( -1.299038105676658006, -0.7500000000000006661, -3.833333333333333037 ) ) ;
#361 = B_SPLINE_CURVE_WITH_KNOTS ( 'NONE', 3,
 ( #1664, #2197, #675, #2427, #39, #270 ),
 .UNSPECIFIED., .F., .F.,
 ( 4, 2, 4 ),
 ( 0.001606744326298686866, 0.002406996759593246164, 0.003207249192887805245 ),
 .UNSPECIFIED. ) ;
#362 = LINE ( 'NONE', #1194, #102 ) ;
#363 = DIRECTION ( 'NONE',  ( -0.000000000000000000, -0.000000000000000000, 1.000000000000000000 ) ) ;
#364 = CARTESIAN_POINT ( 'NONE',  ( 1.870113174931185594E-16, -1.527063293868265559, -1.296875000000001554 ) ) ;
#365 = CARTESIAN_POINT ( 'NONE',  ( 0.8660254037844392627, -1.499999999999999778, -1.270833333333335924 ) ) ;
#366 =( BOUNDED_CURVE ( )  B_SPLINE_CURVE ( 2, ( #1315, #533, #327, #2066, #2279, #887, #1512, #1097, #1124 ),
 .UNSPECIFIED., .F., .F. ) 
 B_SPLINE_CURVE_WITH_KNOTS ( ( 3, 2, 2, 2, 3 ),
 ( 0.2500000000000000000, 0.2592592592592592449, 0.2777777777777777901, 0.2962962962962962798, 0.3055555555555555802 ),
 .UNSPECIFIED. ) 
 CURVE ( )  GEOMETRIC_REPRESENTATION_ITEM ( )  RATIONAL_B_SPLINE_CURVE ( ( 0.9330127018922192983, 0.9330127018922194093, 1.000000000000000000, 0.8660254037844387076, 1.000000000000000000, 0.8660254037844387076, 1.000000000000000000, 0.9330127018922191873, 0.9330127018922194093 ) ) 
 REPRESENTATION_ITEM ( '' )  );
#367 = CARTESIAN_POINT ( 'NONE',  ( 2.749999999999998668, -1.587713240271467319, -3.000000000000000888 ) ) ;
#368 = DIRECTION ( 'NONE',  ( 1.000000000000000000, 0.000000000000000000, 0.000000000000000000 ) ) ;
#369 = EDGE_CURVE ( 'NONE', #1049, #49, #2006, .T. ) ;
#370 = CARTESIAN_POINT ( 'NONE',  ( 1.017788105676658450, -0.5876202367904178603, 0.08333333333333226012 ) ) ;
#371 = APPROVAL_STATUS ( 'not_yet_approved' ) ;
#372 = LINE ( 'NONE', #1745, #2335 ) ;
#373 = ADVANCED_FACE ( 'NONE', ( #2096 ), #2014, .T. ) ;
#374 = CARTESIAN_POINT ( 'NONE',  ( -1.500000000000000000, 0.4019237886466845433, -1.397329099369260419 ) ) ;
#375 = CARTESIAN_POINT ( 'NONE',  ( 0.4233866105815679015, -1.336884864138992990, -0.1633203295715590919 ) ) ;
#376 = CARTESIAN_POINT ( 'NONE',  ( -1.299038105676657784, -0.7500000000000007772, -3.395833333333335702 ) ) ;
#377 = CARTESIAN_POINT ( 'NONE',  ( 0.8816504037844401509, -1.527063293868265115, 0.2447916666666650198 ) ) ;
#378 = CARTESIAN_POINT ( 'NONE',  ( -0.6785254037844395958, 1.175240473580835721, -0.2708333333333343140 ) ) ;
#379 = CARTESIAN_POINT ( 'NONE',  ( -1.157309291206101376, 0.3309987478978133613, -3.638279855184386236 ) ) ;
#380 = CARTESIAN_POINT ( 'NONE',  ( -1.357050807568877859, -2.492861891654335783E-16, -1.625000000000001110 ) ) ;
#381 = EDGE_CURVE ( 'NONE', #2007, #225, #1357, .T. ) ;
#382 = CARTESIAN_POINT ( 'NONE',  ( 2.750000000000000000, 1.126735949052871492E-15, 0.000000000000000000 ) ) ;
#383 = CARTESIAN_POINT ( 'NONE',  ( 1.407905306572370119, -0.3593720641541747751, -0.1121994764651579740 ) ) ;
#384 = CARTESIAN_POINT ( 'NONE',  ( 0.000000000000000000, 0.000000000000000000, -3.000000000000000888 ) ) ;
#385 = AXIS2_PLACEMENT_3D ( 'NONE', #1329, #2296, #2107 ) ;
#386 = CARTESIAN_POINT ( 'NONE',  ( 1.763300807568879414, 1.079710344961585514E-16, -3.171875000000001776 ) ) ;
#387 = CARTESIAN_POINT ( 'NONE',  ( 1.357050807568877859, 8.309539638847786353E-17, -3.937500000000000888 ) ) ;
#388 = CARTESIAN_POINT ( 'NONE',  ( 1.554126587736530007, 0.000000000000000000, 0.000000000000000000 ) ) ;
#389 = CARTESIAN_POINT ( 'NONE',  ( 1.357050807568877859, 8.309539638847786353E-17, -1.375000000000001110 ) ) ;
#390 = ORIENTED_EDGE ( 'NONE', *, *, #986, .T. ) ;
#391 = CARTESIAN_POINT ( 'NONE',  ( 1.500000000000000222, -1.074891057233370936E-15, -0.6875000000000024425 ) ) ;
#392 = LINE ( 'NONE', #1602, #2502 ) ;
#393 = CARTESIAN_POINT ( 'NONE',  ( -5.160705625175098717E-16, -3.175426480542939522, -3.000000000000000888 ) ) ;
#394 = DIRECTION ( 'NONE',  ( 0.000000000000000000, 0.000000000000000000, 1.000000000000000000 ) ) ;
#395 = CARTESIAN_POINT ( 'NONE',  ( -0.8816504037844391517, -1.527063293868266225, -3.338541666666668739 ) ) ;
#396 = EDGE_CURVE ( 'NONE', #2429, #841, #1889, .T. ) ;
#397 = CARTESIAN_POINT ( 'NONE',  ( -0.6785254037844385966, -1.175240473580836165, -1.604166666666667851 ) ) ;
#398 = CARTESIAN_POINT ( 'NONE',  ( -0.2638044177213812458, 1.221274740031132788, -3.692612074009552714 ) ) ;
#399 = CARTESIAN_POINT ( 'NONE',  ( 0.6785254037844388186, 1.175240473580835943, -3.791666666666667407 ) ) ;
#400 = ORIENTED_EDGE ( 'NONE', *, *, #335, .F. ) ;
#401 = CYLINDRICAL_SURFACE ( 'NONE', #52, 1.500000000000000222 ) ;
#402 = CARTESIAN_POINT ( 'NONE',  ( 0.000000000000000000, 0.000000000000000000, -3.000000000000000888 ) ) ;
#403 = CARTESIAN_POINT ( 'NONE',  ( -0.9761117796578504535, -0.9138123271150081495, -0.2200947720149670217 ) ) ;
#404 = CARTESIAN_POINT ( 'NONE',  ( 1.175240473580836165, 0.1464928157982690604, -0.3788861141556927881 ) ) ;
#405 = CARTESIAN_POINT ( 'NONE',  ( 1.299038105676658228, 0.7500000000000003331, -2.083333333333333037 ) ) ;
#406 = CARTESIAN_POINT ( 'NONE',  ( 1.322475605676659782, -0.7635316469341324463, -2.713541666666668295 ) ) ;
#407 = ORIENTED_EDGE ( 'NONE', *, *, #1032, .F. ) ;
#408 = ADVANCED_FACE ( 'NONE', ( #1939 ), #2262, .T. ) ;
#409 = CARTESIAN_POINT ( 'NONE',  ( -0.6785254037844385966, -1.175240473580836165, -2.604166666666667851 ) ) ;
#410 = CARTESIAN_POINT ( 'NONE',  ( 1.374999999999999334, 2.381569860407206640, 0.000000000000000000 ) ) ;
#411 = ORIENTED_EDGE ( 'NONE', *, *, #1478, .T. ) ;
#412 = CARTESIAN_POINT ( 'NONE',  ( 1.017788105676658450, -0.5876202367904178603, -2.416666666666667851 ) ) ;
#413 = EDGE_LOOP ( 'NONE', ( #2015, #109, #57, #2203 ) ) ;
#414 = CARTESIAN_POINT ( 'NONE',  ( -1.299038105676658006, -0.7500000000000006661, -3.333333333333332593 ) ) ;
#415 = CARTESIAN_POINT ( 'NONE',  ( -0.9192920859838806802, 0.8942374239404737857, -0.2956646204425356084 ) ) ;
#416 = CONICAL_SURFACE ( 'NONE', #425, 2.750000000000000000, 1.047197551196600074 ) ;
#417 = CARTESIAN_POINT ( 'NONE',  ( 1.500000000000000222, 2.033577675846917841E-16, -1.624999999999999778 ) ) ;
#418 = DIRECTION ( 'NONE',  ( 0.000000000000000000, 0.000000000000000000, -1.000000000000000000 ) ) ;
#419 = ORIENTED_EDGE ( 'NONE', *, *, #998, .F. ) ;
#420 = CONICAL_SURFACE ( 'NONE', #1613, 2.750000000000000000, 1.047197551196600074 ) ;
#421 = AXIS2_PLACEMENT_3D ( 'NONE', #1139, #324, #2463 ) ;
#422 = CARTESIAN_POINT ( 'NONE',  ( -1.763300807568879414, -3.239131034884756543E-16, -3.921875000000001332 ) ) ;
#423 = ORIENTED_EDGE ( 'NONE', *, *, #2172, .T. ) ;
#424 = CARTESIAN_POINT ( 'NONE',  ( -0.8660254037844381525, -1.500000000000000888, -2.354166666666669183 ) ) ;
#425 = AXIS2_PLACEMENT_3D ( 'NONE', #2249, #947, #107 ) ;
#426 = CARTESIAN_POINT ( 'NONE',  ( 1.439254484199190365E-16, -1.175240473580836165, -2.062500000000000888 ) ) ;
#427 = DIRECTION ( 'NONE',  ( -1.000000000000000000, 0.000000000000000000, 0.000000000000000000 ) ) ;
#428 = VERTEX_POINT ( 'NONE', #183 ) ;
#429 = CARTESIAN_POINT ( 'NONE',  ( 1.017788105676658450, -0.5876202367904178603, -3.916666666666667407 ) ) ;
#430 = ORIENTED_EDGE ( 'NONE', *, *, #750, .T. ) ;
#431 = CARTESIAN_POINT ( 'NONE',  ( 0.000000000000000000, 0.000000000000000000, -3.000000000000000888 ) ) ;
#432 = CARTESIAN_POINT ( 'NONE',  ( 0.000000000000000000, 0.000000000000000000, -4.000000000000000888 ) ) ;
#433 = CARTESIAN_POINT ( 'NONE',  ( 0.000000000000000000, 0.000000000000000000, -3.000000000000000888 ) ) ;
#434 = ORIENTED_EDGE ( 'NONE', *, *, #2514, .T. ) ;
#435 = CARTESIAN_POINT ( 'NONE',  ( -1.357050807568877859, -2.492861891654335783E-16, -1.187500000000001110 ) ) ;
#436 = CARTESIAN_POINT ( 'NONE',  ( 0.8660254037844392627, -1.499999999999999778, -2.270833333333335702 ) ) ;
#437 = CARTESIAN_POINT ( 'NONE',  ( 1.017788105676658450, 0.5876202367904181934, -2.895833333333334370 ) ) ;
#438 = CARTESIAN_POINT ( 'NONE',  ( 0.000000000000000000, 0.000000000000000000, -4.000000000000000888 ) ) ;
#439 = EDGE_LOOP ( 'NONE', ( #1041, #691, #474, #1300, #5, #857, #1684, #640, #1790, #1205, #2329, #269, #488, #896, #654, #705, #1257, #2383, #597, #1325, #1678, #605, #660, #45 ) ) ;
#440 = CARTESIAN_POINT ( 'NONE',  ( 1.357050807568877859, 8.309539638847786353E-17, -2.375000000000000888 ) ) ;
#441 = EDGE_CURVE ( 'NONE', #81, #29, #1732, .T. ) ;
#442 = VERTEX_POINT ( 'NONE', #1722 ) ;
#443 = CARTESIAN_POINT ( 'NONE',  ( 1.500000000000000444, -1.074891057233370936E-15, -1.125000000000000444 ) ) ;
#444 = CARTESIAN_POINT ( 'NONE',  ( 1.017788105676658450, -0.5876202367904178603, -0.9166666666666676289 ) ) ;
#445 = CARTESIAN_POINT ( 'NONE',  ( 0.8660254037844393737, -1.499999999999999778, -1.708333333333333481 ) ) ;
#446 = CARTESIAN_POINT ( 'NONE',  ( -2.749999999999999112, -1.587713240271794612, -0.2456200930616441180 ) ) ;
#447 = CARTESIAN_POINT ( 'NONE',  ( -1.244186467518029859, -0.3463229245635418008, -3.725318983717500476 ) ) ;
#448 = ORIENTED_EDGE ( 'NONE', *, *, #1365, .F. ) ;
#449 = CARTESIAN_POINT ( 'NONE',  ( -1.017788105676658894, 0.5876202367904171942, -0.7291666666666676289 ) ) ;
#450 = CARTESIAN_POINT ( 'NONE',  ( 1.184435118395203101, -2.748234973358834664E-14, -0.3696914693413250186 ) ) ;
#451 = CARTESIAN_POINT ( 'NONE',  ( -1.357050807568877859, -2.492861891654335783E-16, -4.187500000000000888 ) ) ;
#452 = CARTESIAN_POINT ( 'NONE',  ( -1.347860933143026241, 0.1050694576751551729, -3.793734345406498232 ) ) ;
#453 = EDGE_LOOP ( 'NONE', ( #2450, #1284, #1398, #885 ) ) ;
#454 = CARTESIAN_POINT ( 'NONE',  ( -1.017788105676658894, 0.5876202367904171942, -3.166666666666667407 ) ) ;
#455 = B_SPLINE_CURVE_WITH_KNOTS ( 'NONE', 3,
 ( #2388, #648, #1254, #2019, #1434, #447, #1241, #686 ),
 .UNSPECIFIED., .F., .F.,
 ( 4, 2, 2, 4 ),
 ( 4.429416703555793747E-14, 0.0002681893606528688466, 0.0005363787212614435891, 0.001072757442478592749 ),
 .UNSPECIFIED. ) ;
#456 = ORIENTED_EDGE ( 'NONE', *, *, #539, .F. ) ;
#457 = CARTESIAN_POINT ( 'NONE',  ( 0.3003665376734695469, 1.414345329827996656, -0.1113205748445420112 ) ) ;
#458 = CARTESIAN_POINT ( 'NONE',  ( 1.500000000000000222, 0.000000000000000000, -3.000000000000000888 ) ) ;
#459 = CARTESIAN_POINT ( 'NONE',  ( 1.173961897284921285, -0.05480542368868306785, -0.3788861141556922330 ) ) ;
#460 = CARTESIAN_POINT ( 'NONE',  ( -1.494691469341320023, -6.391244124090311383E-16, -3.940564881604793346 ) ) ;
#461 = EDGE_CURVE ( 'NONE', #2444, #728, #282, .T. ) ;
#462 = ORIENTED_EDGE ( 'NONE', *, *, #1534, .T. ) ;
#463 = VERTEX_POINT ( 'NONE', #748 ) ;
#464 = CARTESIAN_POINT ( 'NONE',  ( 0.6785254037844392627, -1.175240473580835943, -1.520833333333334147 ) ) ;
#465 = CARTESIAN_POINT ( 'NONE',  ( 0.8816504037844392627, 1.527063293868265337, -3.057291666666666963 ) ) ;
#466 = APPLICATION_CONTEXT ( 'configuration controlled 3d designs of mechanical parts and assemblies' ) ;
#467 = ORGANIZATION ( 'UNSPECIFIED', 'UNSPECIFIED', '' ) ;
#468 = VECTOR ( 'NONE', #1181, 1000.000000000000000 ) ;
#469 = AXIS2_PLACEMENT_3D ( 'NONE', #560, #1900, #752 ) ;
#470 = CARTESIAN_POINT ( 'NONE',  ( -0.8816504037844403729, 1.527063293868264893, -1.973958333333333481 ) ) ;
#471 = CARTESIAN_POINT ( 'NONE',  ( -1.330330603904549713, 0.4252277095991293110, -3.838541329479704167 ) ) ;
#472 = ORIENTED_EDGE ( 'NONE', *, *, #1758, .T. ) ;
#473 = CARTESIAN_POINT ( 'NONE',  ( 0.6785254037844393737, -1.175240473580835721, -1.020833333333334592 ) ) ;
#474 = ORIENTED_EDGE ( 'NONE', *, *, #2187, .T. ) ;
#475 = CARTESIAN_POINT ( 'NONE',  ( -2.700869069927281042E-15, 3.175426480542939078, -3.000000000000000888 ) ) ;
#476 = CARTESIAN_POINT ( 'NONE',  ( 0.8660254037844392627, -1.499999999999999778, -2.770833333333336146 ) ) ;
#477 = CARTESIAN_POINT ( 'NONE',  ( 1.439254484199190365E-16, -1.175240473580836165, -2.000000000000000888 ) ) ;
#478 = CARTESIAN_POINT ( 'NONE',  ( -0.6785254037844385966, -1.175240473580836165, -1.604166666666667851 ) ) ;
#479 = CARTESIAN_POINT ( 'NONE',  ( 2.749999999999998668, -1.587713240271467319, -3.000000000000000888 ) ) ;
#480 = CARTESIAN_POINT ( 'NONE',  ( -1.188659947667915162, -0.8587873053149203129, -3.909399313296785472 ) ) ;
#481 = ORIENTED_EDGE ( 'NONE', *, *, #2488, .T. ) ;
#482 = CARTESIAN_POINT ( 'NONE',  ( 2.749999999999997335, 1.587713240271469317, -3.000000000000000888 ) ) ;
#483 = CARTESIAN_POINT ( 'NONE',  ( 1.181390379420269365, -0.01829039922815707195, -0.3727362083162593098 ) ) ;
#484 = CC_DESIGN_PERSON_AND_ORGANIZATION_ASSIGNMENT ( #2082, #1115, ( #967 ) ) ;
#485 = EDGE_CURVE ( 'NONE', #2342, #276, #811, .T. ) ;
#486 = CARTESIAN_POINT ( 'NONE',  ( -1.322475605676659116, -0.7635316469341333345, -1.348958333333333925 ) ) ;
#487 = CARTESIAN_POINT ( 'NONE',  ( -0.8660254037844395958, 1.499999999999999778, -1.020833333333335924 ) ) ;
#488 = ORIENTED_EDGE ( 'NONE', *, *, #1102, .T. ) ;
#489 = CARTESIAN_POINT ( 'NONE',  ( 1.439254484199190365E-16, -1.175240473580836165, -2.500000000000000888 ) ) ;
#490 =( NAMED_UNIT ( * ) SI_UNIT ( $, .STERADIAN. ) SOLID_ANGLE_UNIT ( ) );
#491 = CARTESIAN_POINT ( 'NONE',  ( -0.6785254037844395958, 1.175240473580835499, -2.208333333333334370 ) ) ;
#492 = CARTESIAN_POINT ( 'NONE',  ( 0.000000000000000000, 1.175240473580836165, -1.812500000000001110 ) ) ;
#493 = CARTESIAN_POINT ( 'NONE',  ( 2.300137710042381212, -1.847441354476759390, -0.09566599640799193505 ) ) ;
#494 = VERTEX_POINT ( 'NONE', #1155 ) ;
#495 = CARTESIAN_POINT ( 'NONE',  ( 0.000000000000000000, 1.175240473580836165, -0.8125000000000009992 ) ) ;
#496 = CARTESIAN_POINT ( 'NONE',  ( 0.000000000000000000, 0.000000000000000000, 0.000000000000000000 ) ) ;
#497 = EDGE_CURVE ( 'NONE', #428, #1642, #1079, .T. ) ;
#498 = ORIENTED_EDGE ( 'NONE', *, *, #497, .T. ) ;
#499 = CARTESIAN_POINT ( 'NONE',  ( -1.322475605676660226, 0.7635316469341315582, -0.4322916666666672403 ) ) ;
#500 = CARTESIAN_POINT ( 'NONE',  ( 0.000000000000000000, 1.500000000000000222, -1.062500000000002665 ) ) ;
#501 = EDGE_CURVE ( 'NONE', #1616, #1407, #392, .T. ) ;
#502 = VERTEX_POINT ( 'NONE', #1786 ) ;
#503 = CARTESIAN_POINT ( 'NONE',  ( -1.017788105676658894, 0.5876202367904171942, -2.166666666666667851 ) ) ;
#504 = CARTESIAN_POINT ( 'NONE',  ( 1.357050807568877859, 8.309539638847786353E-17, -3.375000000000000888 ) ) ;
#505 = CARTESIAN_POINT ( 'NONE',  ( 1.017788105676658450, -0.5876202367904178603, -1.979166666666667629 ) ) ;
#506 =( BOUNDED_CURVE ( )  B_SPLINE_CURVE ( 2, ( #2003, #251, #2355, #1403, #35, #2370, #1603, #627, #966 ),
 .UNSPECIFIED., .F., .T. ) 
 B_SPLINE_CURVE_WITH_KNOTS ( ( 3, 2, 2, 2, 3 ),
 ( 0.7500000000000000000, 0.7592592592592593004, 0.7777777777777777901, 0.7962962962962962798, 0.8055555555555555802 ),
 .UNSPECIFIED. ) 
 CURVE ( )  GEOMETRIC_REPRESENTATION_ITEM ( )  RATIONAL_B_SPLINE_CURVE ( ( 0.9330127018922194093, 0.9330127018922194093, 1.000000000000000000, 0.8660254037844387076, 1.000000000000000000, 0.8660254037844387076, 1.000000000000000000, 0.9330127018922189652, 0.9330127018922194093 ) ) 
 REPRESENTATION_ITEM ( '' )  );
#507 = ORIENTED_EDGE ( 'NONE', *, *, #501, .F. ) ;
#508 = CARTESIAN_POINT ( 'NONE',  ( -1.017788105676658228, -0.5876202367904186374, -2.145833333333334370 ) ) ;
#509 = CARTESIAN_POINT ( 'NONE',  ( 1.499999999999998890, 0.4019237886466865417, -0.1651709006307421623 ) ) ;
#510 = ORIENTED_EDGE ( 'NONE', *, *, #2515, .T. ) ;
#511 = CARTESIAN_POINT ( 'NONE',  ( 0.8816504037844392627, 1.527063293868265337, -2.557291666666666963 ) ) ;
#512 = CC_DESIGN_PERSON_AND_ORGANIZATION_ASSIGNMENT ( #942, #709, ( #884 ) ) ;
#513 = CARTESIAN_POINT ( 'NONE',  ( 1.017788105676658450, 0.5876202367904181934, -1.833333333333334370 ) ) ;
#514 = CARTESIAN_POINT ( 'NONE',  ( 0.000000000000000000, 1.175240473580836165, -1.250000000000001110 ) ) ;
#515 = CARTESIAN_POINT ( 'NONE',  ( -0.6785254037844385966, -1.175240473580836165, -3.604166666666667851 ) ) ;
#516 = ORIENTED_EDGE ( 'NONE', *, *, #441, .T. ) ;
#517 = DIRECTION ( 'NONE',  ( -0.000000000000000000, -0.000000000000000000, 1.000000000000000000 ) ) ;
#518 = CARTESIAN_POINT ( 'NONE',  ( 0.000000000000000000, 0.000000000000000000, 0.000000000000000000 ) ) ;
#519 = B_SPLINE_CURVE_WITH_KNOTS ( 'NONE', 3,
 ( #742, #1341, #548, #1902 ),
 .UNSPECIFIED., .F., .F.,
 ( 4, 4 ),
 ( 2.380742992387973194E-07, 0.001606744326298685781 ),
 .UNSPECIFIED. ) ;
#520 = CARTESIAN_POINT ( 'NONE',  ( -1.322475605676660226, 0.7635316469341316692, 0.03645833333333170501 ) ) ;
#521 = CARTESIAN_POINT ( 'NONE',  ( 0.6785254037844388186, 1.175240473580835943, -0.3541666666666676844 ) ) ;
#522 = ORIENTED_EDGE ( 'NONE', *, *, #1687, .F. ) ;
#523 = DIRECTION ( 'NONE',  ( 1.000000000000000000, 0.000000000000000000, 0.000000000000000000 ) ) ;
#524 = CARTESIAN_POINT ( 'NONE',  ( 1.499999999999998890, -0.4019237886466860976, -3.709829099369262639 ) ) ;
#525 = CARTESIAN_POINT ( 'NONE',  ( 0.6785254037844388186, 1.175240473580835943, -3.791666666666667407 ) ) ;
#526 = DIRECTION ( 'NONE',  ( -0.000000000000000000, -0.000000000000000000, -1.000000000000000000 ) ) ;
#527 = CARTESIAN_POINT ( 'NONE',  ( 1.357050807568877859, 8.309539638847786353E-17, -1.937500000000000888 ) ) ;
#528 = ADVANCED_FACE ( 'NONE', ( #1402 ), #1973, .T. ) ;
#529 = CARTESIAN_POINT ( 'NONE',  ( 1.017788105676658450, 0.5876202367904181934, -2.895833333333334370 ) ) ;
#530 = CYLINDRICAL_SURFACE ( 'NONE', #1655, 1.500000000000000222 ) ;
#531 = CARTESIAN_POINT ( 'NONE',  ( 0.8816504037844393737, 1.527063293868265781, -1.088541666666668073 ) ) ;
#532 = VERTEX_POINT ( 'NONE', #59 ) ;
#533 = CARTESIAN_POINT ( 'NONE',  ( 1.499999999999999778, -0.4019237886466845433, -1.147329099369260641 ) ) ;
#534 = CARTESIAN_POINT ( 'NONE',  ( -1.017788105676658228, -0.5876202367904186374, -1.145833333333334147 ) ) ;
#535 = CARTESIAN_POINT ( 'NONE',  ( -1.176884662327448261, -0.01826834821762027966, -3.622758074590920252 ) ) ;
#536 = CARTESIAN_POINT ( 'NONE',  ( 0.6785254037844388186, 1.175240473580835943, 0.2083333333333322879 ) ) ;
#537 = CARTESIAN_POINT ( 'NONE',  ( 0.4506121144344753526, -2.915265454974087955, -0.1090894304641050888 ) ) ;
#538 = CARTESIAN_POINT ( 'NONE',  ( 1.017788105676658450, -0.5876202367904178603, -0.4166666666666677399 ) ) ;
#539 = EDGE_CURVE ( 'NONE', #1564, #1669, #145, .T. ) ;
#540 = CARTESIAN_POINT ( 'NONE',  ( 1.499999999999999112, -0.4019237886466860976, -3.647329099369260419 ) ) ;
#541 = CARTESIAN_POINT ( 'NONE',  ( -0.6785254037844395958, 1.175240473580835499, -3.270833333333334370 ) ) ;
#542 = FACE_OUTER_BOUND ( 'NONE', #1263, .T. ) ;
#543 = EDGE_CURVE ( 'NONE', #890, #2342, #611, .T. ) ;
#544 = CARTESIAN_POINT ( 'NONE',  ( 1.870113174931185594E-16, -1.527063293868265559, -0.7968750000000016653 ) ) ;
#545 = CARTESIAN_POINT ( 'NONE',  ( 1.157317735452664476, 0.9954668816954286292, -0.06969628435025382318 ) ) ;
#546 = AXIS2_PLACEMENT_3D ( 'NONE', #518, #1147, #1310 ) ;
#547 = CARTESIAN_POINT ( 'NONE',  ( 1.357050807568877859, 8.309539638847786353E-17, -0.4375000000000009992 ) ) ;
#548 = CARTESIAN_POINT ( 'NONE',  ( -0.9064794551410498835, -2.652070323102389882, 2.401605481406219520E-15 ) ) ;
#549 = CARTESIAN_POINT ( 'NONE',  ( 1.067329415827906747, 0.7689450155112856899, -3.751122477558526125 ) ) ;
#550 = VECTOR ( 'NONE', #610, 1000.000000000000000 ) ;
#551 = CARTESIAN_POINT ( 'NONE',  ( 1.357050807568877859, 8.309539638847786353E-17, -1.375000000000001110 ) ) ;
#552 = SHAPE_DEFINITION_REPRESENTATION ( #1888, #2063 ) ;
#553 = CARTESIAN_POINT ( 'NONE',  ( -0.6785254037844385966, -1.175240473580836165, -0.04166666666666771213 ) ) ;
#554 = VECTOR ( 'NONE', #1128, 1000.000000000000000 ) ;
#555 = CARTESIAN_POINT ( 'NONE',  ( -0.8660254037844381525, -1.500000000000000666, -3.791666666666665630 ) ) ;
#556 = CIRCLE ( 'NONE', #2334, 2.750000000000000000 ) ;
#557 = DIRECTION ( 'NONE',  ( -1.000000000000000000, 0.000000000000000000, 0.000000000000000000 ) ) ;
#558 = CARTESIAN_POINT ( 'NONE',  ( -1.500000000000000222, 4.183359790313659220E-15, -2.874999999999999112 ) ) ;
#559 = CARTESIAN_POINT ( 'NONE',  ( 1.322475605676659560, 0.7635316469341330015, 0.3697916666666650198 ) ) ;
#560 = CARTESIAN_POINT ( 'NONE',  ( 0.000000000000000000, 0.000000000000000000, -3.000000000000000888 ) ) ;
#561 = EDGE_CURVE ( 'NONE', #87, #2433, #1389, .T. ) ;
#562 = CARTESIAN_POINT ( 'NONE',  ( 0.6785254037844388186, 1.175240473580835943, -0.8541666666666677399 ) ) ;
#563 = DIRECTION ( 'NONE',  ( 0.8660254037844387076, -0.4999999999999997780, 0.000000000000000000 ) ) ;
#564 = CARTESIAN_POINT ( 'NONE',  ( 0.000000000000000000, 1.175240473580836165, -0.2500000000000011102 ) ) ;
#565 = CALENDAR_DATE ( 2026, 7, 1 ) ;
#566 = DIRECTION ( 'NONE',  ( 1.000000000000000000, 0.000000000000000000, 0.000000000000000000 ) ) ;
#567 = CARTESIAN_POINT ( 'NONE',  ( 1.162140416192260162, -0.8421686765562843568, -0.1301436840459887223 ) ) ;
#568 = DIRECTION ( 'NONE',  ( 1.000000000000000000, 0.000000000000000000, 0.000000000000000000 ) ) ;
#569 = CARTESIAN_POINT ( 'NONE',  ( 0.8816504037844401509, -1.527063293868265115, -0.2552083333333349247 ) ) ;
#570 = ADVANCED_FACE ( 'NONE', ( #235 ), #2149, .F. ) ;
#571 = FACE_OUTER_BOUND ( 'NONE', #75, .T. ) ;
#572 = CARTESIAN_POINT ( 'NONE',  ( 1.299038105676658228, 0.7500000000000003331, -3.083333333333333037 ) ) ;
#573 = CARTESIAN_POINT ( 'NONE',  ( -1.017788105676658228, -0.5876202367904186374, -1.583333333333334370 ) ) ;
#574 = DIRECTION ( 'NONE',  ( 1.000000000000000000, 0.000000000000000000, 0.000000000000000000 ) ) ;
#575 = CARTESIAN_POINT ( 'NONE',  ( -0.6785254037844395958, 1.175240473580835721, -4.270833333333333925 ) ) ;
#576 = CARTESIAN_POINT ( 'NONE',  ( -1.303880582963923729, -0.1793068588090218629, -0.2502460047700662549 ) ) ;
#577 = CARTESIAN_POINT ( 'NONE',  ( -1.500000000000001110, -0.4019237886466823784, -3.415170900630742690 ) ) ;
#578 = CARTESIAN_POINT ( 'NONE',  ( 0.8816504037844393737, 1.527063293868265781, -2.088541666666668295 ) ) ;
#579 =( BOUNDED_CURVE ( )  B_SPLINE_CURVE ( 2, ( #2316, #2325, #1374, #2517, #1914, #977, #572, #783, #157 ),
 .UNSPECIFIED., .F., .T. ) 
 B_SPLINE_CURVE_WITH_KNOTS ( ( 3, 2, 2, 2, 3 ),
 ( 0.6388888888888889506, 0.6481481481481481399, 0.6666666666666666297, 0.6851851851851852304, 0.6944444444444445308 ),
 .UNSPECIFIED. ) 
 CURVE ( )  GEOMETRIC_REPRESENTATION_ITEM ( )  RATIONAL_B_SPLINE_CURVE ( ( 0.9330127018922194093, 0.9330127018922197424, 1.000000000000000000, 0.8660254037844387076, 1.000000000000000000, 0.8660254037844387076, 1.000000000000000000, 0.9330127018922189652, 0.9330127018922194093 ) ) 
 REPRESENTATION_ITEM ( '' )  );
#580 = CARTESIAN_POINT ( 'NONE',  ( 1.439254484199190365E-16, -1.175240473580836165, -2.562500000000000888 ) ) ;
#581 = LINE ( 'NONE', #2136, #1897 ) ;
#582 = LINE ( 'NONE', #1144, #468 ) ;
#583 = CC_DESIGN_APPROVAL ( #1426, ( #967 ) ) ;
#584 = AXIS2_PLACEMENT_3D ( 'NONE', #2045, #2224, #1662 ) ;
#585 = ORIENTED_EDGE ( 'NONE', *, *, #1032, .T. ) ;
#586 = CARTESIAN_POINT ( 'NONE',  ( 1.299038105676658228, -0.7499999999999997780, -0.7291666666666689611 ) ) ;
#587 = CARTESIAN_POINT ( 'NONE',  ( 0.8660254037844384856, 1.500000000000000222, -2.541666666666666519 ) ) ;
#588 = EDGE_CURVE ( 'NONE', #1070, #1001, #643, .T. ) ;
#589 = VECTOR ( 'NONE', #1668, 1000.000000000000000 ) ;
#590 = CARTESIAN_POINT ( 'NONE',  ( -1.296574408024704805, -1.836178290852457786E-11, -0.2575521797118244804 ) ) ;
#591 = DIRECTION ( 'NONE',  ( 1.000000000000000000, 0.000000000000000000, 0.000000000000000000 ) ) ;
#592 = AXIS2_PLACEMENT_3D ( 'NONE', #911, #1703, #2089 ) ;
#593 = CARTESIAN_POINT ( 'NONE',  ( 1.322475605676659560, 0.7635316469341330015, -2.630208333333335258 ) ) ;
#594 = CARTESIAN_POINT ( 'NONE',  ( -0.6785254037844395958, 1.175240473580835721, -2.270833333333334370 ) ) ;
#595 = CARTESIAN_POINT ( 'NONE',  ( 1.500000000000001332, -0.4019237886466816567, -0.2098290993692626116 ) ) ;
#596 = CARTESIAN_POINT ( 'NONE',  ( 1.357050807568877859, 8.309539638847786353E-17, -1.875000000000000888 ) ) ;
#597 = ORIENTED_EDGE ( 'NONE', *, *, #2514, .F. ) ;
#598 = CARTESIAN_POINT ( 'NONE',  ( 0.8660254037844393737, -1.499999999999999778, -3.208333333333333037 ) ) ;
#599 = CARTESIAN_POINT ( 'NONE',  ( -0.9947737288999372041, -0.6448520054549107261, -3.621113885844308378 ) ) ;
#600 = ADVANCED_FACE ( 'NONE', ( #623 ), #1633, .F. ) ;
#601 = CARTESIAN_POINT ( 'NONE',  ( 2.749999999999997335, 1.587713240271469317, -3.000000000000000888 ) ) ;
#602 = CARTESIAN_POINT ( 'NONE',  ( 0.8630822096802590604, 0.7976711540952819979, -0.3788861141560118106 ) ) ;
#603 = CARTESIAN_POINT ( 'NONE',  ( 0.000000000000000000, 0.000000000000000000, -4.000000000000000888 ) ) ;
#604 = CARTESIAN_POINT ( 'NONE',  ( 0.8816504037844393737, 1.527063293868265781, -3.588541666666668739 ) ) ;
#605 = ORIENTED_EDGE ( 'NONE', *, *, #200, .F. ) ;
#606 = CARTESIAN_POINT ( 'NONE',  ( 1.439254484199190365E-16, -1.175240473580836165, -3.062500000000000888 ) ) ;
#607 = CARTESIAN_POINT ( 'NONE',  ( -1.500000000000000444, 6.972266317189433020E-16, -0.3749999999999999445 ) ) ;
#608 = CARTESIAN_POINT ( 'NONE',  ( -0.6785254037844395958, 1.175240473580835721, -3.708333333333333925 ) ) ;
#609 = EDGE_LOOP ( 'NONE', ( #681, #656, #1440, #642 ) ) ;
#610 = DIRECTION ( 'NONE',  ( 0.000000000000000000, 0.000000000000000000, 1.000000000000000000 ) ) ;
#611 = LINE ( 'NONE', #458, #1740 ) ;
#612 = CARTESIAN_POINT ( 'NONE',  ( -2.700869069927281042E-15, 3.175426480542939078, -3.000000000000000888 ) ) ;
#613 = CARTESIAN_POINT ( 'NONE',  ( -2.749999999999999112, 1.070880792428392958, -0.1097972406464573364 ) ) ;
#614 = ORIENTED_EDGE ( 'NONE', *, *, #165, .T. ) ;
#615 = CARTESIAN_POINT ( 'NONE',  ( 1.322475605676659560, 0.7635316469341330015, -3.630208333333334814 ) ) ;
#616 = ORIENTED_EDGE ( 'NONE', *, *, #561, .T. ) ;
#617 = CARTESIAN_POINT ( 'NONE',  ( 0.6785254037844393737, -1.175240473580835721, -3.020833333333334814 ) ) ;
#618 = CARTESIAN_POINT ( 'NONE',  ( 0.000000000000000000, 1.500000000000000222, -3.062500000000002665 ) ) ;
#619 = VERTEX_POINT ( 'NONE', #1800 ) ;
#620 = CARTESIAN_POINT ( 'NONE',  ( 1.439254484199190365E-16, -1.175240473580836165, -2.000000000000000888 ) ) ;
#621 = ORIENTED_EDGE ( 'NONE', *, *, #945, .T. ) ;
#622 = CARTESIAN_POINT ( 'NONE',  ( -4.000000000000000000, 4.898587196589412829E-16, -3.000000000000000888 ) ) ;
#623 = FACE_OUTER_BOUND ( 'NONE', #1838, .T. ) ;
#624 =( BOUNDED_CURVE ( )  B_SPLINE_CURVE ( 2, ( #1067, #1874, #1501, #1834, #79, #1081, #1490, #870, #1654 ),
 .UNSPECIFIED., .F., .F. ) 
 B_SPLINE_CURVE_WITH_KNOTS ( ( 3, 2, 2, 2, 3 ),
 ( 0.3055555555555554692, 0.3148148148148147696, 0.3333333333333333703, 0.3518518518518518601, 0.3611111111111110494 ),
 .UNSPECIFIED. ) 
 CURVE ( )  GEOMETRIC_REPRESENTATION_ITEM ( )  RATIONAL_B_SPLINE_CURVE ( ( 0.9330127018922194093, 0.9330127018922189652, 1.000000000000000000, 0.8660254037844387076, 1.000000000000000000, 0.8660254037844387076, 1.000000000000000000, 0.9330127018922197424, 0.9330127018922194093 ) ) 
 REPRESENTATION_ITEM ( '' )  );
#625 = B_SPLINE_CURVE_WITH_KNOTS ( 'NONE', 3,
 ( #222, #1621, #1018, #1788, #824, #2180 ),
 .UNSPECIFIED., .F., .F.,
 ( 4, 2, 4 ),
 ( 0.01068930576428625372, 0.01149253747299101500, 0.01229576918169577628 ),
 .UNSPECIFIED. ) ;
#626 = AXIS2_PLACEMENT_3D ( 'NONE', #1763, #8, #801 ) ;
#627 = CARTESIAN_POINT ( 'NONE',  ( 1.500000000000001332, 0.4019237886466820453, -3.602670900630739137 ) ) ;
#628 = CARTESIAN_POINT ( 'NONE',  ( -0.8660254037844395958, 1.499999999999999778, -0.5208333333333358128 ) ) ;
#629 = CARTESIAN_POINT ( 'NONE',  ( -1.499999999999999778, -0.4019237886466846543, -1.915170900630742246 ) ) ;
#630 = CONICAL_SURFACE ( 'NONE', #1168, 1.554126587736530007, 0.7853981633974500554 ) ;
#631 = EDGE_LOOP ( 'NONE', ( #2034, #1056, #1594, #1009 ) ) ;
#632 = CARTESIAN_POINT ( 'NONE',  ( -0.6785254037844385966, -1.175240473580836387, -1.104166666666667851 ) ) ;
#633 = CARTESIAN_POINT ( 'NONE',  ( -0.8816504037844390407, -1.527063293868266003, -3.807291666666666963 ) ) ;
#634 = AXIS2_PLACEMENT_3D ( 'NONE', #1153, #1893, #1345 ) ;
#635 = AXIS2_PLACEMENT_3D ( 'NONE', #790, #363, #1157 ) ;
#636 = EDGE_CURVE ( 'NONE', #117, #1817, #810, .T. ) ;
#637 = CARTESIAN_POINT ( 'NONE',  ( 1.017788105676658450, -0.5876202367904178603, -2.479166666666667851 ) ) ;
#638 = FACE_OUTER_BOUND ( 'NONE', #26, .T. ) ;
#639 = EDGE_CURVE ( 'NONE', #2078, #1564, #1595, .T. ) ;
#640 = ORIENTED_EDGE ( 'NONE', *, *, #1051, .T. ) ;
#641 = CARTESIAN_POINT ( 'NONE',  ( 1.017788105676658450, 0.5876202367904181934, 0.1041666666666656443 ) ) ;
#642 = ORIENTED_EDGE ( 'NONE', *, *, #2515, .F. ) ;
#643 = B_SPLINE_CURVE_WITH_KNOTS ( 'NONE', 3,
 ( #1031, #1237, #2162, #415, #193, #220, #822, #7, #799, #1193, #1774, #849 ),
 .UNSPECIFIED., .F., .F.,
 ( 4, 2, 2, 2, 2, 4 ),
 ( 0.006427921876863989907, 0.007166834963252776552, 0.007905748049641564065, 0.008644661136030351578, 0.009014117679224744467, 0.009383574222419139091 ),
 .UNSPECIFIED. ) ;
#644 = CARTESIAN_POINT ( 'NONE',  ( -1.299038105676658894, 0.7499999999999991118, -0.9166666666666664076 ) ) ;
#645 = CARTESIAN_POINT ( 'NONE',  ( 1.554126587736530007, 1.903256151141339775E-16, -4.000000000000000888 ) ) ;
#646 = LINE ( 'NONE', #1432, #879 ) ;
#647 = FACE_OUTER_BOUND ( 'NONE', #1784, .T. ) ;
#648 = CARTESIAN_POINT ( 'NONE',  ( -0.8579001662875307410, -0.8290446079717158634, -3.635623474008770728 ) ) ;
#649 = ORIENTED_EDGE ( 'NONE', *, *, #301, .T. ) ;
#650 = CARTESIAN_POINT ( 'NONE',  ( -0.8660254037844381525, -1.500000000000000666, -2.791666666666666519 ) ) ;
#651 = CARTESIAN_POINT ( 'NONE',  ( 1.322475605676659338, 0.7635316469341328904, -4.098958333333333925 ) ) ;
#652 = CARTESIAN_POINT ( 'NONE',  ( 0.8816504037844392627, 1.527063293868265337, -0.05729166666666727498 ) ) ;
#653 = CARTESIAN_POINT ( 'NONE',  ( 0.8660254037844384856, 1.500000000000000000, -3.104166666666668739 ) ) ;
#654 = ORIENTED_EDGE ( 'NONE', *, *, #2486, .T. ) ;
#655 = CARTESIAN_POINT ( 'NONE',  ( 1.017788105676658450, -0.5876202367904178603, 0.02083333333333231216 ) ) ;
#656 = ORIENTED_EDGE ( 'NONE', *, *, #1065, .F. ) ;
#657 = CARTESIAN_POINT ( 'NONE',  ( -0.1685531949310646593, 1.490499855913622662, -0.05412658773652894578 ) ) ;
#658 = DIRECTION ( 'NONE',  ( 0.000000000000000000, 0.000000000000000000, 1.000000000000000000 ) ) ;
#659 = DIRECTION ( 'NONE',  ( 1.000000000000000000, 4.097221632919532250E-16, -0.000000000000000000 ) ) ;
#660 = ORIENTED_EDGE ( 'NONE', *, *, #1177, .F. ) ;
#661 = ORIENTED_EDGE ( 'NONE', *, *, #1395, .T. ) ;
#662 = CARTESIAN_POINT ( 'NONE',  ( 1.450274030249828261, 0.2224325841836819473, -0.09101658087504610473 ) ) ;
#663 = CARTESIAN_POINT ( 'NONE',  ( 0.000000000000000000, 1.527063293868265337, -3.015625000000000444 ) ) ;
#664 = CARTESIAN_POINT ( 'NONE',  ( 1.763300807568878970, 1.079710344961585514E-16, -1.640625000000000444 ) ) ;
#665 = ORIENTED_EDGE ( 'NONE', *, *, #1255, .F. ) ;
#666 = CARTESIAN_POINT ( 'NONE',  ( 1.439254484199190365E-16, -1.175240473580836165, -1.062500000000000888 ) ) ;
#667 = ORIENTED_EDGE ( 'NONE', *, *, #1255, .T. ) ;
#668 = LINE ( 'NONE', #475, #2169 ) ;
#669 = CARTESIAN_POINT ( 'NONE',  ( 1.500000000000000222, -4.561024215828087150E-15, -2.687500000000002220 ) ) ;
#670 = CARTESIAN_POINT ( 'NONE',  ( 0.6785254037844392627, -1.175240473580835943, -1.458333333333334370 ) ) ;
#671 = CARTESIAN_POINT ( 'NONE',  ( -1.500000000000000222, -6.100733027540754016E-16, -1.937500000000002887 ) ) ;
#672 = CARTESIAN_POINT ( 'NONE',  ( 0.1214978429214904343, -1.418204519698983646, -3.857278587248065271 ) ) ;
#673 = EDGE_CURVE ( 'NONE', #2188, #1095, #1619, .T. ) ;
#674 = ORIENTED_EDGE ( 'NONE', *, *, #588, .T. ) ;
#675 = CARTESIAN_POINT ( 'NONE',  ( -0.9085346626517032398, 2.650883748492873782, -0.02351960456805893968 ) ) ;
#676 = CARTESIAN_POINT ( 'NONE',  ( 1.763300807568878970, 1.079710344961585514E-16, -3.140625000000000444 ) ) ;
#677 = CLOSED_SHELL ( 'NONE', ( #21, #720, #1989, #1952, #1736, #600, #1636, #1150, #34, #1408, #1704, #1272, #1837, #2407, #1881, #302, #1118, #784, #1849, #570, #985, #826, #1953, #528, #1323, #2037, #1461, #687, #2289, #958, #1807, #1562, #408, #2207, #1366, #1733, #2110, #373, #2255, #353, #288, #984, #2472 ) ) ;
#678 = CARTESIAN_POINT ( 'NONE',  ( 1.763300807568878970, 1.079710344961585514E-16, -2.140625000000000444 ) ) ;
#679 = LINE ( 'NONE', #2466, #2338 ) ;
#680 = AXIS2_PLACEMENT_3D ( 'NONE', #961, #1764, #2512 ) ;
#681 = ORIENTED_EDGE ( 'NONE', *, *, #2360, .F. ) ;
#682 = CARTESIAN_POINT ( 'NONE',  ( 1.357050807568877859, 8.309539638847786353E-17, -2.375000000000000888 ) ) ;
#683 = CARTESIAN_POINT ( 'NONE',  ( 0.9721791597292831488, 0.9031119003868419703, -0.2305434539722532594 ) ) ;
#684 = CARTESIAN_POINT ( 'NONE',  ( 1.017788105676658450, -0.5876202367904178603, -1.916666666666667629 ) ) ;
#685 = CARTESIAN_POINT ( 'NONE',  ( -0.6785254037844385966, -1.175240473580836165, -2.604166666666667851 ) ) ;
#686 = CARTESIAN_POINT ( 'NONE',  ( -1.332311706131739326, -4.880586422032604001E-15, -3.778185118395209319 ) ) ;
#687 = ADVANCED_FACE ( 'NONE', ( #343 ), #135, .T. ) ;
#688 = ORIENTED_EDGE ( 'NONE', *, *, #2443, .F. ) ;
#689 = CARTESIAN_POINT ( 'NONE',  ( 1.455068057078637622, 2.175771237164065429E-11, -0.09905853065789230194 ) ) ;
#690 = CARTESIAN_POINT ( 'NONE',  ( 0.8816504037844401509, -1.527063293868264893, -2.723958333333333925 ) ) ;
#691 = ORIENTED_EDGE ( 'NONE', *, *, #144, .T. ) ;
#692 = CARTESIAN_POINT ( 'NONE',  ( -1.322475605676659116, -0.7635316469341333345, -2.348958333333333481 ) ) ;
#693 = FACE_OUTER_BOUND ( 'NONE', #846, .T. ) ;
#694 = UNCERTAINTY_MEASURE_WITH_UNIT (LENGTH_MEASURE( 1.000000000000000082E-05 ), #1290, 'distance_accuracy_value', 'NONE');
#695 = EDGE_LOOP ( 'NONE', ( #1488, #248, #2519, #216, #1885, #448 ) ) ;
#696 = CARTESIAN_POINT ( 'NONE',  ( 1.357050807568877859, 8.309539638847786353E-17, -3.375000000000000888 ) ) ;
#697 = CARTESIAN_POINT ( 'NONE',  ( -1.357050807568877859, -2.492861891654335783E-16, -3.125000000000000000 ) ) ;
#698 = CARTESIAN_POINT ( 'NONE',  ( 1.017788105676658450, -0.5876202367904178603, -3.479166666666667851 ) ) ;
#699 = B_SPLINE_CURVE_WITH_KNOTS ( 'NONE', 3,
 ( #36, #314, #1604, #459 ),
 .UNSPECIFIED., .F., .F.,
 ( 4, 4 ),
 ( 0.0008803874611000327751, 0.0009352284285257638895 ),
 .UNSPECIFIED. ) ;
#700 = CARTESIAN_POINT ( 'NONE',  ( 0.3085078539428554589, -1.383101103192619252, -3.850893277307167573 ) ) ;
#701 = VERTEX_POINT ( 'NONE', #1516 ) ;
#702 = CARTESIAN_POINT ( 'NONE',  ( 1.357050807568877859, 8.309539638847786353E-17, -2.937500000000000888 ) ) ;
#703 = FACE_OUTER_BOUND ( 'NONE', #2408, .T. ) ;
#704 =( BOUNDED_CURVE ( )  B_SPLINE_CURVE ( 2, ( #1183, #6, #991, #598, #1387, #2148, #414, #798, #1222 ),
 .UNSPECIFIED., .F., .T. ) 
 B_SPLINE_CURVE_WITH_KNOTS ( ( 3, 2, 2, 2, 3 ),
 ( 0.6944444444444445308, 0.7037037037037037202, 0.7222222222222222099, 0.7407407407407406996, 0.7500000000000000000 ),
 .UNSPECIFIED. ) 
 CURVE ( )  GEOMETRIC_REPRESENTATION_ITEM ( )  RATIONAL_B_SPLINE_CURVE ( ( 0.9330127018922194093, 0.9330127018922197424, 1.000000000000000000, 0.8660254037844387076, 1.000000000000000000, 0.8660254037844387076, 1.000000000000000000, 0.9330127018922194093, 0.9330127018922194093 ) ) 
 REPRESENTATION_ITEM ( '' )  );
#705 = ORIENTED_EDGE ( 'NONE', *, *, #2032, .T. ) ;
#706 = CARTESIAN_POINT ( 'NONE',  ( -0.6785254037844395958, 1.175240473580835721, -4.270833333333333925 ) ) ;
#707 = CYLINDRICAL_SURFACE ( 'NONE', #177, 1.500000000000000222 ) ;
#708 = CARTESIAN_POINT ( 'NONE',  ( -0.6785254037844395958, 1.175240473580835721, -2.708333333333334370 ) ) ;
#709 = PERSON_AND_ORGANIZATION_ROLE ( 'classification_officer' ) ;
#710 = CARTESIAN_POINT ( 'NONE',  ( 1.017788105676658450, -0.5876202367904178603, -3.416666666666667851 ) ) ;
#711 = CARTESIAN_POINT ( 'NONE',  ( -1.017788105676658228, -0.5876202367904186374, -2.645833333333334370 ) ) ;
#712 = ORIENTED_EDGE ( 'NONE', *, *, #1260, .F. ) ;
#713 = CARTESIAN_POINT ( 'NONE',  ( 0.000000000000000000, 1.175240473580836165, -2.312500000000001332 ) ) ;
#714 = DIRECTION ( 'NONE',  ( -1.000000000000000000, 0.000000000000000000, 0.000000000000000000 ) ) ;
#715 = CARTESIAN_POINT ( 'NONE',  ( 1.017788105676658450, 0.5876202367904181934, -1.395833333333334370 ) ) ;
#716 = VERTEX_POINT ( 'NONE', #331 ) ;
#717 = CARTESIAN_POINT ( 'NONE',  ( 1.500000000000000222, 2.033577675846917841E-16, -1.187500000000002442 ) ) ;
#718 = EDGE_CURVE ( 'NONE', #276, #1012, #1850, .T. ) ;
#719 = CARTESIAN_POINT ( 'NONE',  ( -1.357050807568877859, -2.492861891654335783E-16, -1.187500000000001110 ) ) ;
#720 = ADVANCED_FACE ( 'NONE', ( #956 ), #1094, .F. ) ;
#721 = CARTESIAN_POINT ( 'NONE',  ( -0.6785254037844385966, -1.175240473580836165, -2.041666666666667851 ) ) ;
#722 = CARTESIAN_POINT ( 'NONE',  ( 1.439254484199190365E-16, -1.175240473580836165, -1.000000000000001110 ) ) ;
#723 = CARTESIAN_POINT ( 'NONE',  ( -0.6785254037844395958, 1.175240473580835721, -3.770833333333333925 ) ) ;
#724 = CARTESIAN_POINT ( 'NONE',  ( 1.500000000000000444, -1.074891057233370936E-15, -0.6250000000000000000 ) ) ;
#725 = CARTESIAN_POINT ( 'NONE',  ( 1.299038105676658228, 0.7500000000000003331, -0.1458333333333357851 ) ) ;
#726 = CARTESIAN_POINT ( 'NONE',  ( -0.8816504037844405950, 1.527063293868265115, -0.5052083333333349247 ) ) ;
#727 = CARTESIAN_POINT ( 'NONE',  ( 1.017788105676658450, -0.5876202367904178603, -0.9791666666666676289 ) ) ;
#728 = VERTEX_POINT ( 'NONE', #1319 ) ;
#729 = CARTESIAN_POINT ( 'NONE',  ( 2.749999999999997335, 1.587713240271469317, -0.2456200930618594180 ) ) ;
#730 =( BOUNDED_CURVE ( )  B_SPLINE_CURVE ( 2, ( #1635, #2399, #1622 ),
 .UNSPECIFIED., .F., .T. ) 
 B_SPLINE_CURVE_WITH_KNOTS ( ( 3, 3 ),
 ( 0.02603726227716293348, 0.02777777777777779011 ),
 .UNSPECIFIED. ) 
 CURVE ( )  GEOMETRIC_REPRESENTATION_ITEM ( )  RATIONAL_B_SPLINE_CURVE ( ( 0.9353796882934399815, 0.9330127018922194093, 0.9330127018922194093 ) ) 
 REPRESENTATION_ITEM ( '' )  );
#731 = CARTESIAN_POINT ( 'NONE',  ( 0.000000000000000000, 1.175240473580836165, -1.312500000000001110 ) ) ;
#732 = CARTESIAN_POINT ( 'NONE',  ( -1.357050807568877859, -2.492861891654335783E-16, -0.6250000000000009992 ) ) ;
#733 = DATE_AND_TIME ( #2120, #1661 ) ;
#734 = CARTESIAN_POINT ( 'NONE',  ( -1.173961897284920175, -0.05480542368870736092, -3.621113885844308378 ) ) ;
#735 = CARTESIAN_POINT ( 'NONE',  ( 0.6785254037844388186, 1.175240473580835943, -1.291666666666667407 ) ) ;
#736 = CARTESIAN_POINT ( 'NONE',  ( -0.8660254037844395958, 1.499999999999999778, -1.458333333333333259 ) ) ;
#737 = CARTESIAN_POINT ( 'NONE',  ( -1.357050807568877859, -2.492861891654335783E-16, -2.687500000000000888 ) ) ;
#738 = CARTESIAN_POINT ( 'NONE',  ( 1.500000000000000222, -4.561024215828087150E-15, -2.624999999999999112 ) ) ;
#739 = CARTESIAN_POINT ( 'NONE',  ( 0.8816504037844401509, -1.527063293868265115, -1.255208333333334592 ) ) ;
#740 = CARTESIAN_POINT ( 'NONE',  ( 1.836970198721030181E-16, -1.500000000000000222, -2.249999999999999556 ) ) ;
#741 = CARTESIAN_POINT ( 'NONE',  ( -1.017788105676658228, -0.5876202367904186374, -0.1458333333333343418 ) ) ;
#742 = CARTESIAN_POINT ( 'NONE',  ( -6.702756654546792200E-16, -3.175426480542939522, -0.2456200930618600842 ) ) ;
#743 = CARTESIAN_POINT ( 'NONE',  ( -0.8660254037844381525, -1.500000000000000888, -0.3541666666666691832 ) ) ;
#744 = CARTESIAN_POINT ( 'NONE',  ( 0.000000000000000000, 1.527063293868265559, -4.046875000000000888 ) ) ;
#745 = DATE_TIME_ROLE ( 'creation_date' ) ;
#746 = CARTESIAN_POINT ( 'NONE',  ( 0.000000000000000000, 0.000000000000000000, -3.000000000000000888 ) ) ;
#747 = DIRECTION ( 'NONE',  ( 0.000000000000000000, 0.000000000000000000, 1.000000000000000000 ) ) ;
#748 = CARTESIAN_POINT ( 'NONE',  ( -1.500000000000000444, 6.681755220639873681E-16, -0.4375000000000026645 ) ) ;
#749 = CARTESIAN_POINT ( 'NONE',  ( 0.6785254037844388186, 1.175240473580836165, -3.354166666666667851 ) ) ;
#750 = EDGE_CURVE ( 'NONE', #619, #728, #2083, .T. ) ;
#751 = CARTESIAN_POINT ( 'NONE',  ( 0.8816504037844393737, 1.527063293868265781, -1.588541666666668073 ) ) ;
#752 = DIRECTION ( 'NONE',  ( 1.000000000000000000, 0.000000000000000000, 0.000000000000000000 ) ) ;
#753 = CIRCLE ( 'NONE', #2221, 1.554126587736530007 ) ;
#754 = CARTESIAN_POINT ( 'NONE',  ( -1.017788105676658894, 0.5876202367904171942, -0.7291666666666676289 ) ) ;
#755 = DIRECTION ( 'NONE',  ( 0.000000000000000000, 0.000000000000000000, 1.000000000000000000 ) ) ;
#756 = APPROVAL_PERSON_ORGANIZATION ( #1127, #1426, #1904 ) ;
#757 = CIRCLE ( 'NONE', #924, 1.500000000000000222 ) ;
#758 = CARTESIAN_POINT ( 'NONE',  ( 1.017788105676658450, -0.5876202367904178603, -0.4166666666666677399 ) ) ;
#759 = APPROVAL_DATE_TIME ( #113, #1426 ) ;
#760 = CARTESIAN_POINT ( 'NONE',  ( 0.000000000000000000, 1.175240473580836165, -0.2500000000000011102 ) ) ;
#761 = VECTOR ( 'NONE', #1445, 1000.000000000000000 ) ;
#762 = CARTESIAN_POINT ( 'NONE',  ( 1.299038105676658450, -0.7499999999999997780, -3.666666666666666075 ) ) ;
#763 = AXIS2_PLACEMENT_3D ( 'NONE', #1961, #175, #591 ) ;
#764 = CARTESIAN_POINT ( 'NONE',  ( 2.299387885565521650, 1.847874265840319774, -0.1090894304641050333 ) ) ;
#765 = DIRECTION ( 'NONE',  ( -1.000000000000000000, 0.000000000000000000, -0.000000000000000000 ) ) ;
#766 = EDGE_CURVE ( 'NONE', #1469, #1407, #778, .T. ) ;
#767 = CARTESIAN_POINT ( 'NONE',  ( 1.322475605676659560, 0.7635316469341330015, -1.130208333333335036 ) ) ;
#768 = CYLINDRICAL_SURFACE ( 'NONE', #800, 1.500000000000000222 ) ;
#769 =( BOUNDED_CURVE ( )  B_SPLINE_CURVE ( 2, ( #2390, #1831, #1651, #1063, #76, #650, #2021, #866, #2414 ),
 .UNSPECIFIED., .F., .T. ) 
 B_SPLINE_CURVE_WITH_KNOTS ( ( 3, 2, 2, 2, 3 ),
 ( 0.5833333333333333703, 0.5925925925925925597, 0.6111111111111111605, 0.6296296296296296502, 0.6388888888888889506 ),
 .UNSPECIFIED. ) 
 CURVE ( )  GEOMETRIC_REPRESENTATION_ITEM ( )  RATIONAL_B_SPLINE_CURVE ( ( 0.9330127018922194093, 0.9330127018922197424, 1.000000000000000000, 0.8660254037844387076, 1.000000000000000000, 0.8660254037844387076, 1.000000000000000000, 0.9330127018922189652, 0.9330127018922194093 ) ) 
 REPRESENTATION_ITEM ( '' )  );
#770 = CARTESIAN_POINT ( 'NONE',  ( 1.500000000000000222, -4.561024215828087150E-15, -3.687500000000002665 ) ) ;
#771 = CARTESIAN_POINT ( 'NONE',  ( -1.500000000000000444, 6.681755220639873681E-16, -0.4375000000000026645 ) ) ;
#772 = CARTESIAN_POINT ( 'NONE',  ( -1.017788105676658894, 0.5876202367904171942, -1.666666666666667629 ) ) ;
#773 = CARTESIAN_POINT ( 'NONE',  ( -0.6785254037844395958, 1.175240473580835721, -1.208333333333334147 ) ) ;
#774 = CARTESIAN_POINT ( 'NONE',  ( 1.554126587736530007, 1.903256151141339775E-16, -4.000000000000000888 ) ) ;
#775 = CARTESIAN_POINT ( 'NONE',  ( -1.500000000000000222, -5.810221930991193690E-16, -2.374999999999999112 ) ) ;
#776 = CARTESIAN_POINT ( 'NONE',  ( 1.448540857007453830, -0.1797709949616591307, -0.1055857307317637495 ) ) ;
#777 = CARTESIAN_POINT ( 'NONE',  ( 0.8660254037844392627, -1.499999999999999778, -3.270833333333336146 ) ) ;
#778 = B_SPLINE_CURVE_WITH_KNOTS ( 'NONE', 3,
 ( #931, #2470, #2283, #537, #2094, #1143 ),
 .UNSPECIFIED., .F., .F.,
 ( 4, 2, 4 ),
 ( 0.001606744326298686649, 0.002406996759593248332, 0.003207249192887809582 ),
 .UNSPECIFIED. ) ;
#779 = CARTESIAN_POINT ( 'NONE',  ( 1.322475605676659560, 0.7635316469341330015, -1.630208333333335036 ) ) ;
#780 = APPROVAL ( #371, 'UNSPECIFIED' ) ;
#781 = CARTESIAN_POINT ( 'NONE',  ( 0.000000000000000000, 1.175240473580836165, -3.812500000000001332 ) ) ;
#782 =( BOUNDED_CURVE ( )  B_SPLINE_CURVE ( 2, ( #724, #1004, #1156, #1185, #2123, #1380, #1775, #1746, #2332 ),
 .UNSPECIFIED., .F., .F. ) 
 B_SPLINE_CURVE_WITH_KNOTS ( ( 3, 2, 2, 2, 3 ),
 ( 0.1388888888888888951, 0.1481481481481481399, 0.1666666666666666574, 0.1851851851851851749, 0.1944444444444444475 ),
 .UNSPECIFIED. ) 
 CURVE ( )  GEOMETRIC_REPRESENTATION_ITEM ( )  RATIONAL_B_SPLINE_CURVE ( ( 0.9330127018922192983, 0.9330127018922194093, 1.000000000000000000, 0.8660254037844387076, 1.000000000000000000, 0.8660254037844387076, 1.000000000000000000, 0.9330127018922191873, 0.9330127018922192983 ) ) 
 REPRESENTATION_ITEM ( '' )  );
#783 = CARTESIAN_POINT ( 'NONE',  ( 1.500000000000001332, 0.4019237886466820453, -3.102670900630739137 ) ) ;
#784 = ADVANCED_FACE ( 'NONE', ( #943 ), #1719, .F. ) ;
#785 = CARTESIAN_POINT ( 'NONE',  ( 1.439254484199190365E-16, -1.175240473580836165, -1.000000000000001110 ) ) ;
#786 = ORIENTED_EDGE ( 'NONE', *, *, #1218, .F. ) ;
#787 = CARTESIAN_POINT ( 'NONE',  ( 1.836970198721030427E-16, -1.500000000000000222, -0.8125000000000025535 ) ) ;
#788 = CARTESIAN_POINT ( 'NONE',  ( -1.500000000000000444, 0.4019237886466834331, -2.397329099369259531 ) ) ;
#789 = CARTESIAN_POINT ( 'NONE',  ( 2.749999999999997335, 1.587713240271469317, -0.2456200930618594180 ) ) ;
#790 = CARTESIAN_POINT ( 'NONE',  ( 0.000000000000000000, 0.000000000000000000, 0.000000000000000000 ) ) ;
#791 = CARTESIAN_POINT ( 'NONE',  ( -0.8816504037844391517, -1.527063293868266225, -2.338541666666668295 ) ) ;
#792 = CARTESIAN_POINT ( 'NONE',  ( 0.6785254037844393737, -1.175240473580835721, -4.020833333333333925 ) ) ;
#793 = CARTESIAN_POINT ( 'NONE',  ( -0.8861012972988521197, 0.8359511726970524359, -3.661230160069707473 ) ) ;
#794 = EDGE_CURVE ( 'NONE', #2465, #833, #970, .T. ) ;
#795 = CARTESIAN_POINT ( 'NONE',  ( -0.6785254037844385966, -1.175240473580836165, -2.041666666666667851 ) ) ;
#796 = VECTOR ( 'NONE', #1172, 1000.000000000000000 ) ;
#797 = ORIENTED_EDGE ( 'NONE', *, *, #859, .F. ) ;
#798 = CARTESIAN_POINT ( 'NONE',  ( -1.499999999999999778, -0.4019237886466845988, -3.352670900630739137 ) ) ;
#799 = CARTESIAN_POINT ( 'NONE',  ( 0.4781038332191412388, 1.104251046146498716, -0.3570958758118551457 ) ) ;
#800 = AXIS2_PLACEMENT_3D ( 'NONE', #352, #1351, #338 ) ;
#801 = DIRECTION ( 'NONE',  ( -1.000000000000000000, 0.000000000000000000, 0.000000000000000000 ) ) ;
#802 = CARTESIAN_POINT ( 'NONE',  ( 1.499999999999998890, -0.4019237886466860976, -3.209829099369263083 ) ) ;
#803 = AXIS2_PLACEMENT_3D ( 'NONE', #482, #1037, #853 ) ;
#804 = CARTESIAN_POINT ( 'NONE',  ( 1.322475605676659560, 0.7635316469341330015, -2.130208333333335258 ) ) ;
#805 = CARTESIAN_POINT ( 'NONE',  ( -0.6785254037844395958, 1.175240473580835721, -1.770833333333334370 ) ) ;
#806 = CARTESIAN_POINT ( 'NONE',  ( -2.300137710042381656, 1.847441354476761166, -0.09566599640799275384 ) ) ;
#807 = CARTESIAN_POINT ( 'NONE',  ( -1.357050807568877859, -2.492861891654335783E-16, -2.625000000000000888 ) ) ;
#808 = ORIENTED_EDGE ( 'NONE', *, *, #1578, .T. ) ;
#809 = CARTESIAN_POINT ( 'NONE',  ( -1.500000000000000222, 1.836970198721030181E-16, -3.000000000000000888 ) ) ;
#810 = LINE ( 'NONE', #2397, #761 ) ;
#811 =( BOUNDED_CURVE ( )  B_SPLINE_CURVE ( 2, ( #1531, #540, #762, #971, #2298, #555, #360, #2521, #1545 ),
 .UNSPECIFIED., .F., .F. ) 
 B_SPLINE_CURVE_WITH_KNOTS ( ( 3, 2, 2, 2, 3 ),
 ( 0.8055555555555555802, 0.8148148148148147696, 0.8333333333333333703, 0.8518518518518518601, 0.8611111111111111605 ),
 .UNSPECIFIED. ) 
 CURVE ( )  GEOMETRIC_REPRESENTATION_ITEM ( )  RATIONAL_B_SPLINE_CURVE ( ( 0.9330127018922194093, 0.9330127018922197424, 1.000000000000000000, 0.8660254037844387076, 1.000000000000000000, 0.8660254037844387076, 1.000000000000000000, 0.9330127018922189652, 0.9330127018922194093 ) ) 
 REPRESENTATION_ITEM ( '' )  );
#812 = CARTESIAN_POINT ( 'NONE',  ( -6.702756654546792200E-16, -3.175426480542939522, -0.2456200930618600842 ) ) ;
#813 = DIRECTION ( 'NONE',  ( -0.8660254037844387076, 0.4999999999999997224, 0.000000000000000000 ) ) ;
#814 = CARTESIAN_POINT ( 'NONE',  ( -0.8816504037844391517, -1.527063293868266225, -3.838541666666668739 ) ) ;
#815 = ORIENTED_EDGE ( 'NONE', *, *, #2072, .F. ) ;
#816 = CARTESIAN_POINT ( 'NONE',  ( 1.017788105676658450, -0.5876202367904178603, -1.479166666666667629 ) ) ;
#817 = DIRECTION ( 'NONE',  ( 0.000000000000000000, 0.000000000000000000, -1.000000000000000000 ) ) ;
#818 = VERTEX_POINT ( 'NONE', #1232 ) ;
#819 = CARTESIAN_POINT ( 'NONE',  ( -0.6785254037844395958, 1.175240473580835721, -2.708333333333334370 ) ) ;
#820 = VERTEX_POINT ( 'NONE', #845 ) ;
#821 = DIRECTION ( 'NONE',  ( -0.000000000000000000, -0.000000000000000000, -1.000000000000000000 ) ) ;
#822 = CARTESIAN_POINT ( 'NONE',  ( 0.004101945176909181819, 1.242299538345328580, -0.3363361429683195403 ) ) ;
#823 = CARTESIAN_POINT ( 'NONE',  ( 1.836970198721030181E-16, -1.500000000000000222, -1.750000000000000000 ) ) ;
#824 = CARTESIAN_POINT ( 'NONE',  ( 2.749999999999998668, -1.329258189705485815, -0.1710105465530086244 ) ) ;
#825 = CARTESIAN_POINT ( 'NONE',  ( -1.554126587736530007, 0.000000000000000000, -4.000000000000000888 ) ) ;
#826 = ADVANCED_FACE ( 'NONE', ( #1628, #1217 ), #1053, .T. ) ;
#827 = VERTEX_POINT ( 'NONE', #2350 ) ;
#828 = CARTESIAN_POINT ( 'NONE',  ( -1.017788105676658228, -0.5876202367904186374, -0.6458333333333342585 ) ) ;
#829 = CARTESIAN_POINT ( 'NONE',  ( 1.870113174931185101E-16, -1.527063293868265337, -2.765625000000000444 ) ) ;
#830 = EDGE_CURVE ( 'NONE', #820, #1054, #1887, .T. ) ;
#831 = CARTESIAN_POINT ( 'NONE',  ( -1.017788105676658894, 0.5876202367904171942, -3.729166666666667407 ) ) ;
#832 = CARTESIAN_POINT ( 'NONE',  ( -1.009807736043168980, 1.095647768213862339, -3.932141276203686697 ) ) ;
#833 = VERTEX_POINT ( 'NONE', #1200 ) ;
#834 = CARTESIAN_POINT ( 'NONE',  ( -0.6785254037844395958, 1.175240473580835721, -4.208333333333334814 ) ) ;
#835 = VERTEX_POINT ( 'NONE', #1410 ) ;
#836 = APPLICATION_PROTOCOL_DEFINITION ( 'international standard', 'config_control_design', 1994, #2256 ) ;
#837 = CARTESIAN_POINT ( 'NONE',  ( 0.6785254037844388186, 1.175240473580836165, -0.7916666666666677399 ) ) ;
#838 = CARTESIAN_POINT ( 'NONE',  ( -1.500000000000000444, 1.801168798607270271E-15, -1.875000000000000000 ) ) ;
#839 = CARTESIAN_POINT ( 'NONE',  ( -1.500000000000000444, 0.4019237886466834331, -0.4598290993692627504 ) ) ;
#840 = CARTESIAN_POINT ( 'NONE',  ( 1.836970198721030427E-16, -1.500000000000000222, -1.812500000000002442 ) ) ;
#841 = VERTEX_POINT ( 'NONE', #410 ) ;
#842 = CARTESIAN_POINT ( 'NONE',  ( 1.017788105676658450, -0.5876202367904178603, -0.4791666666666676844 ) ) ;
#843 = CARTESIAN_POINT ( 'NONE',  ( -1.322475605676660226, 0.7635316469341315582, -3.932291666666667407 ) ) ;
#844 = CARTESIAN_POINT ( 'NONE',  ( -1.763300807568878970, -3.239131034884756050E-16, -0.3906250000000006106 ) ) ;
#845 = CARTESIAN_POINT ( 'NONE',  ( -2.749999999999999112, 1.587713240271468873, -0.2456200930618602507 ) ) ;
#846 = EDGE_LOOP ( 'NONE', ( #1804, #1454, #1104 ) ) ;
#847 = CARTESIAN_POINT ( 'NONE',  ( -1.357050807568877859, -2.492861891654335783E-16, -3.125000000000000888 ) ) ;
#848 = ORIENTED_EDGE ( 'NONE', *, *, #2361, .F. ) ;
#849 = CARTESIAN_POINT ( 'NONE',  ( 0.8630822096802590604, 0.7976711540952819979, -0.3788861141560118106 ) ) ;
#850 = CARTESIAN_POINT ( 'NONE',  ( 1.299038105676658228, 0.7500000000000003331, -0.6458333333333358128 ) ) ;
#851 = DIRECTION ( 'NONE',  ( 0.000000000000000000, 0.000000000000000000, 1.000000000000000000 ) ) ;
#852 = ORIENTED_EDGE ( 'NONE', *, *, #1506, .T. ) ;
#853 = DIRECTION ( 'NONE',  ( -0.8660254037844387076, 0.4999999999999997780, 0.000000000000000000 ) ) ;
#854 = CARTESIAN_POINT ( 'NONE',  ( 1.322475605676659338, 0.7635316469341328904, -3.098958333333333925 ) ) ;
#855 = CARTESIAN_POINT ( 'NONE',  ( 0.000000000000000000, 1.527063293868265337, -1.515625000000000666 ) ) ;
#856 = CARTESIAN_POINT ( 'NONE',  ( -1.076307068170087700, 1.010394622184386471, -3.918309503789811021 ) ) ;
#857 = ORIENTED_EDGE ( 'NONE', *, *, #909, .T. ) ;
#858 = CARTESIAN_POINT ( 'NONE',  ( 1.439254484199190365E-16, -1.175240473580836165, -0.5625000000000009992 ) ) ;
#859 = EDGE_CURVE ( 'NONE', #1228, #2046, #1597, .T. ) ;
#860 = ORIENTED_EDGE ( 'NONE', *, *, #2301, .F. ) ;
#861 = CARTESIAN_POINT ( 'NONE',  ( 1.017788105676658450, 0.5876202367904181934, -3.833333333333333925 ) ) ;
#862 = CARTESIAN_POINT ( 'NONE',  ( 1.017788105676658450, 0.5876202367904181934, -3.333333333333334370 ) ) ;
#863 = CARTESIAN_POINT ( 'NONE',  ( 0.8660254037844384856, 1.500000000000000000, -2.104166666666669183 ) ) ;
#864 = CARTESIAN_POINT ( 'NONE',  ( -0.9259698502505868678, -1.120530916639720820, -3.896541917499324992 ) ) ;
#865 = ORIENTED_EDGE ( 'NONE', *, *, #215, .F. ) ;
#866 = CARTESIAN_POINT ( 'NONE',  ( -1.500000000000001332, -0.4019237886466823229, -2.852670900630739581 ) ) ;
#867 = CARTESIAN_POINT ( 'NONE',  ( 1.870113174931185101E-16, -1.527063293868265337, -4.265625000000000000 ) ) ;
#868 = EDGE_CURVE ( 'NONE', #1429, #1012, #2251, .T. ) ;
#869 = CARTESIAN_POINT ( 'NONE',  ( 1.870113174931185101E-16, -1.527063293868265337, -1.765625000000000666 ) ) ;
#870 = CARTESIAN_POINT ( 'NONE',  ( -1.499999999999999112, 0.4019237886466856535, -2.459829099369263083 ) ) ;
#871 = CARTESIAN_POINT ( 'NONE',  ( -0.6785254037844385966, -1.175240473580836165, -1.104166666666667851 ) ) ;
#872 = EDGE_CURVE ( 'NONE', #2000, #716, #2113, .T. ) ;
#873 = ORIENTED_EDGE ( 'NONE', *, *, #1803, .F. ) ;
#874 = CARTESIAN_POINT ( 'NONE',  ( 1.017788105676658450, 0.5876202367904181934, -2.833333333333334370 ) ) ;
#875 = CARTESIAN_POINT ( 'NONE',  ( 1.299038105676658228, -0.7499999999999997780, -2.729166666666669183 ) ) ;
#876 = CARTESIAN_POINT ( 'NONE',  ( -1.017788105676658894, 0.5876202367904171942, -2.166666666666667851 ) ) ;
#877 = CARTESIAN_POINT ( 'NONE',  ( -1.357050807568877859, -2.492861891654335783E-16, -3.187500000000000888 ) ) ;
#878 = CARTESIAN_POINT ( 'NONE',  ( 1.174254690019282954, -0.7189076040724766692, -3.809947464454338739 ) ) ;
#879 = VECTOR ( 'NONE', #1239, 1000.000000000000000 ) ;
#880 = ORIENTED_EDGE ( 'NONE', *, *, #1304, .T. ) ;
#881 = CARTESIAN_POINT ( 'NONE',  ( 1.357050807568877859, 8.309539638847786353E-17, -0.4375000000000009992 ) ) ;
#882 = CARTESIAN_POINT ( 'NONE',  ( -0.8816504037844403729, 1.527063293868264893, -3.973958333333333925 ) ) ;
#883 =( BOUNDED_CURVE ( )  B_SPLINE_CURVE ( 2, ( #1078, #1477, #1846, #424, #1215, #436, #1230, #1761, #1015 ),
 .UNSPECIFIED., .F., .T. ) 
 B_SPLINE_CURVE_WITH_KNOTS ( ( 3, 2, 2, 2, 3 ),
 ( 0.3611111111111110494, 0.3703703703703703498, 0.3888888888888888395, 0.4074074074074074403, 0.4166666666666666297 ),
 .UNSPECIFIED. ) 
 CURVE ( )  GEOMETRIC_REPRESENTATION_ITEM ( )  RATIONAL_B_SPLINE_CURVE ( ( 0.9330127018922194093, 0.9330127018922189652, 1.000000000000000000, 0.8660254037844387076, 1.000000000000000000, 0.8660254037844387076, 1.000000000000000000, 0.9330127018922197424, 0.9330127018922194093 ) ) 
 REPRESENTATION_ITEM ( '' )  );
#884 = SECURITY_CLASSIFICATION ( '', '', #316 ) ;
#885 = ORIENTED_EDGE ( 'NONE', *, *, #2225, .F. ) ;
#886 = CARTESIAN_POINT ( 'NONE',  ( 1.322475605676659560, -0.7635316469341323353, -2.182291666666666963 ) ) ;
#887 = CARTESIAN_POINT ( 'NONE',  ( -0.8660254037844381525, -1.500000000000000666, -1.291666666666666963 ) ) ;
#888 = VECTOR ( 'NONE', #981, 1000.000000000000000 ) ;
#889 = B_SPLINE_CURVE_WITH_KNOTS ( 'NONE', 3,
 ( #2523, #776, #383, #1546, #567, #1358, #1960, #375, #1579, #1165, #194, #1390, #1753, #1930, #2345, #403, #993, #174, #972, #206, #576, #590 ),
 .UNSPECIFIED., .F., .F.,
 ( 4, 2, 2, 2, 2, 2, 2, 2, 2, 2, 4 ),
 ( 0.002111396661576280497, 0.002650962313487243739, 0.003190527965398206982, 0.003730093617309170658, 0.004269659269220134334, 0.004539442095175616823, 0.004809224921131097577, 0.005348790573042062554, 0.005618573398997544176, 0.005888356224953026664, 0.006427921876863989907 ),
 .UNSPECIFIED. ) ;
#890 = VERTEX_POINT ( 'NONE', #42 ) ;
#891 = CARTESIAN_POINT ( 'NONE',  ( -0.6785254037844385966, -1.175240473580836165, -3.541666666666667851 ) ) ;
#892 = CARTESIAN_POINT ( 'NONE',  ( -1.500000000000000222, 0.4019237886466840437, -0.8973290993692600859 ) ) ;
#893 = CARTESIAN_POINT ( 'NONE',  ( 1.357050807568877859, 8.309539638847786353E-17, -2.375000000000000888 ) ) ;
#894 = CARTESIAN_POINT ( 'NONE',  ( 1.439254484199190365E-16, -1.175240473580836165, -2.562500000000000888 ) ) ;
#895 = CARTESIAN_POINT ( 'NONE',  ( 1.339862103180129438, -0.09267639767553226271, -3.785735515445177946 ) ) ;
#896 = ORIENTED_EDGE ( 'NONE', *, *, #1065, .T. ) ;
#897 = CARTESIAN_POINT ( 'NONE',  ( 1.017788105676658450, -0.5876202367904178603, -2.479166666666667851 ) ) ;
#898 = CARTESIAN_POINT ( 'NONE',  ( -5.160705625175098717E-16, -3.175426480542939522, -3.000000000000000888 ) ) ;
#899 = ORIENTED_EDGE ( 'NONE', *, *, #766, .T. ) ;
#900 = CARTESIAN_POINT ( 'NONE',  ( -0.8816504037844403729, 1.527063293868264893, -0.4739583333333339255 ) ) ;
#901 = CARTESIAN_POINT ( 'NONE',  ( 0.000000000000000000, 0.000000000000000000, -3.000000000000000888 ) ) ;
#902 = CARTESIAN_POINT ( 'NONE',  ( -0.6785254037844385966, -1.175240473580836165, -4.041666666666666963 ) ) ;
#903 = APPROVAL_STATUS ( 'not_yet_approved' ) ;
#904 = CARTESIAN_POINT ( 'NONE',  ( -1.357050807568877859, -2.492861891654335783E-16, -2.125000000000000888 ) ) ;
#905 = CARTESIAN_POINT ( 'NONE',  ( -1.017788105676658894, 0.5876202367904171942, -1.729166666666667407 ) ) ;
#906 = ORIENTED_EDGE ( 'NONE', *, *, #132, .F. ) ;
#907 = CARTESIAN_POINT ( 'NONE',  ( 0.9358000806358267587, 1.172296126873231925, -0.05412658773652962579 ) ) ;
#908 = DIRECTION ( 'NONE',  ( 0.000000000000000000, 0.000000000000000000, 1.000000000000000000 ) ) ;
#909 = EDGE_CURVE ( 'NONE', #835, #117, #105, .T. ) ;
#910 = ORIENTED_EDGE ( 'NONE', *, *, #1218, .T. ) ;
#911 = CARTESIAN_POINT ( 'NONE',  ( 0.000000000000000000, 0.000000000000000000, 0.000000000000000000 ) ) ;
#912 =( BOUNDED_CURVE ( )  B_SPLINE_CURVE ( 2, ( #1047, #48, #1829, #1405, #1019, #1816, #405, #1581, #1196 ),
 .UNSPECIFIED., .F., .T. ) 
 B_SPLINE_CURVE_WITH_KNOTS ( ( 3, 2, 2, 2, 3 ),
 ( 0.4166666666666666852, 0.4259259259259259300, 0.4444444444444444198, 0.4629629629629629650, 0.4722222222222222099 ),
 .UNSPECIFIED. ) 
 CURVE ( )  GEOMETRIC_REPRESENTATION_ITEM ( )  RATIONAL_B_SPLINE_CURVE ( ( 0.9330127018922194093, 0.9330127018922195203, 1.000000000000000000, 0.8660254037844387076, 1.000000000000000000, 0.8660254037844387076, 1.000000000000000000, 0.9330127018922194093, 0.9330127018922194093 ) ) 
 REPRESENTATION_ITEM ( '' )  );
#913 = B_SPLINE_CURVE_WITH_KNOTS ( 'NONE', 3,
 ( #1558, #195, #2501, #2132, #1975, #446 ),
 .UNSPECIFIED., .F., .F.,
 ( 4, 2, 4 ),
 ( 0.001606744326298685781, 0.002406996759593149019, 0.003207249192887611823 ),
 .UNSPECIFIED. ) ;
#914 = CARTESIAN_POINT ( 'NONE',  ( 1.017788105676658450, 0.5876202367904181934, -0.8958333333333342585 ) ) ;
#915 = CARTESIAN_POINT ( 'NONE',  ( -1.357050807568877859, -2.492861891654335783E-16, -3.625000000000000888 ) ) ;
#916 = CARTESIAN_POINT ( 'NONE',  ( 0.6785254037844392627, -1.175240473580835943, -2.958333333333334370 ) ) ;
#917 = CARTESIAN_POINT ( 'NONE',  ( 1.017788105676658450, 0.5876202367904181934, -1.895833333333334370 ) ) ;
#918 = CARTESIAN_POINT ( 'NONE',  ( 1.439254484199190365E-16, -1.175240473580836165, -2.062500000000000888 ) ) ;
#919 = FACE_BOUND ( 'NONE', #695, .T. ) ;
#920 = CARTESIAN_POINT ( 'NONE',  ( 1.322475605676659782, -0.7635316469341324463, 0.2864583333333317050 ) ) ;
#921 = CARTESIAN_POINT ( 'NONE',  ( 1.017788105676658450, 0.5876202367904181934, -0.3958333333333343140 ) ) ;
#922 = EDGE_LOOP ( 'NONE', ( #1629, #2231, #1978, #2190, #1475 ) ) ;
#923 = CONICAL_SURFACE ( 'NONE', #1337, 2.750000000000000000, 1.047197551196600074 ) ;
#924 = AXIS2_PLACEMENT_3D ( 'NONE', #1327, #2281, #340 ) ;
#925 = CARTESIAN_POINT ( 'NONE',  ( 1.500000000000000222, -4.561024215828087150E-15, -2.187500000000002665 ) ) ;
#926 = AXIS2_PLACEMENT_3D ( 'NONE', #162, #137, #566 ) ;
#927 = CARTESIAN_POINT ( 'NONE',  ( 1.439254484199190365E-16, -1.175240473580836165, -0.06250000000000102696 ) ) ;
#928 = AXIS2_PLACEMENT_3D ( 'NONE', #207, #1349, #1568 ) ;
#929 = CARTESIAN_POINT ( 'NONE',  ( -0.6785254037844385966, -1.175240473580836165, -0.5416666666666677399 ) ) ;
#930 = COORDINATED_UNIVERSAL_TIME_OFFSET ( 6, 0, .BEHIND. ) ;
#931 = CARTESIAN_POINT ( 'NONE',  ( 1.375000000000001110, -2.381569860407205752, 0.000000000000000000 ) ) ;
#932 = CARTESIAN_POINT ( 'NONE',  ( -1.017788105676658228, -0.5876202367904186374, -3.145833333333334370 ) ) ;
#933 = CARTESIAN_POINT ( 'NONE',  ( 1.299038105676658228, 0.7500000000000003331, -2.583333333333333481 ) ) ;
#934 = CARTESIAN_POINT ( 'NONE',  ( -0.6785254037844385966, -1.175240473580836387, -2.604166666666667851 ) ) ;
#935 = CARTESIAN_POINT ( 'NONE',  ( 1.500000000000000222, -4.561024215828087150E-15, -3.687500000000002665 ) ) ;
#936 = CARTESIAN_POINT ( 'NONE',  ( -1.763300807568879414, -3.239131034884756543E-16, -0.9218750000000015543 ) ) ;
#937 = ORIENTED_EDGE ( 'NONE', *, *, #1304, .F. ) ;
#938 = CARTESIAN_POINT ( 'NONE',  ( 1.500000000000000222, 2.033577675846917841E-16, -2.124999999999999556 ) ) ;
#939 = CARTESIAN_POINT ( 'NONE',  ( 0.000000000000000000, 1.500000000000000222, -0.4999999999999998890 ) ) ;
#940 = CARTESIAN_POINT ( 'NONE',  ( 2.749999999999998668, -1.587713240271466875, -0.2456200930618593348 ) ) ;
#941 = CARTESIAN_POINT ( 'NONE',  ( 0.6785254037844388186, 1.175240473580835943, -1.291666666666667407 ) ) ;
#942 = PERSON_AND_ORGANIZATION ( #1372, #467 ) ;
#943 = FACE_OUTER_BOUND ( 'NONE', #1862, .T. ) ;
#944 = CARTESIAN_POINT ( 'NONE',  ( 0.6785254037844393737, -1.175240473580835721, -0.4583333333333343140 ) ) ;
#945 = EDGE_CURVE ( 'NONE', #1616, #2201, #14, .T. ) ;
#946 = CARTESIAN_POINT ( 'NONE',  ( 2.749999999999997780, 0.5409249789864821745, -0.02374982785200257032 ) ) ;
#947 = DIRECTION ( 'NONE',  ( 0.000000000000000000, 0.000000000000000000, -1.000000000000000000 ) ) ;
#948 = CARTESIAN_POINT ( 'NONE',  ( -2.749999999999999112, 1.587713240271468873, -3.000000000000000888 ) ) ;
#949 = CARTESIAN_POINT ( 'NONE',  ( 0.000000000000000000, 1.527063293868265559, -0.5468750000000016653 ) ) ;
#950 = CARTESIAN_POINT ( 'NONE',  ( 1.299038105676658228, 0.7500000000000003331, -0.08333333333333318993 ) ) ;
#951 =( BOUNDED_CURVE ( )  B_SPLINE_CURVE ( 2, ( #1176, #577, #376, #994, #1370, #777, #2112, #802, #2300 ),
 .UNSPECIFIED., .F., .T. ) 
 B_SPLINE_CURVE_WITH_KNOTS ( ( 3, 2, 2, 2, 3 ),
 ( 0.1388888888888888395, 0.1481481481481481399, 0.1666666666666666297, 0.1851851851851852304, 0.1944444444444444198 ),
 .UNSPECIFIED. ) 
 CURVE ( )  GEOMETRIC_REPRESENTATION_ITEM ( )  RATIONAL_B_SPLINE_CURVE ( ( 0.9330127018922194093, 0.9330127018922189652, 1.000000000000000000, 0.8660254037844387076, 1.000000000000000000, 0.8660254037844387076, 1.000000000000000000, 0.9330127018922197424, 0.9330127018922194093 ) ) 
 REPRESENTATION_ITEM ( '' )  );
#952 = CARTESIAN_POINT ( 'NONE',  ( -0.6785254037844385966, -1.175240473580836165, -0.1041666666666676566 ) ) ;
#953 = CARTESIAN_POINT ( 'NONE',  ( -0.3423630610758641168, 1.198170075928359335, -3.689275199638957226 ) ) ;
#954 = CARTESIAN_POINT ( 'NONE',  ( -1.017788105676658894, 0.5876202367904171942, -0.6666666666666677399 ) ) ;
#955 = DATE_AND_TIME ( #565, #10 ) ;
#956 = FACE_OUTER_BOUND ( 'NONE', #2454, .T. ) ;
#957 = CARTESIAN_POINT ( 'NONE',  ( -0.6785254037844395958, 1.175240473580835721, -1.708333333333334370 ) ) ;
#958 = ADVANCED_FACE ( 'NONE', ( #1967, #638 ), #229, .T. ) ;
#959 = CARTESIAN_POINT ( 'NONE',  ( 2.749999999999998224, 0.2687185575358521095, 1.143494478793305458E-15 ) ) ;
#960 = DIRECTION ( 'NONE',  ( 0.000000000000000000, 0.000000000000000000, -1.000000000000000000 ) ) ;
#961 = CARTESIAN_POINT ( 'NONE',  ( 0.000000000000000000, 0.000000000000000000, 0.000000000000000000 ) ) ;
#962 = CARTESIAN_POINT ( 'NONE',  ( -1.763300807568879414, -3.239131034884756543E-16, -0.4218750000000017208 ) ) ;
#963 = FACE_OUTER_BOUND ( 'NONE', #218, .T. ) ;
#964 = AXIS2_PLACEMENT_3D ( 'NONE', #1120, #1880, #127 ) ;
#965 = CARTESIAN_POINT ( 'NONE',  ( 0.000000000000000000, 1.175240473580836165, -0.3125000000000010547 ) ) ;
#966 = CARTESIAN_POINT ( 'NONE',  ( 1.500000000000000222, -4.561024215828087150E-15, -3.625000000000000000 ) ) ;
#967 = PRODUCT_DEFINITION_FORMATION_WITH_SPECIFIED_SOURCE ( 'ANY', '', #1311, .NOT_KNOWN. ) ;
#968 = CARTESIAN_POINT ( 'NONE',  ( 1.017788105676658450, -0.5876202367904178603, -1.416666666666667629 ) ) ;
#969 = CARTESIAN_POINT ( 'NONE',  ( 1.357050807568877859, 8.309539638847786353E-17, -0.3750000000000010547 ) ) ;
#970 = CIRCLE ( 'NONE', #2380, 4.000000000000000000 ) ;
#971 = CARTESIAN_POINT ( 'NONE',  ( 0.8660254037844393737, -1.499999999999999778, -3.708333333333332593 ) ) ;
#972 = CARTESIAN_POINT ( 'NONE',  ( -1.173946924422405447, -0.6125146186642460577, -0.2330488625601629671 ) ) ;
#973 = FACE_OUTER_BOUND ( 'NONE', #2138, .T. ) ;
#974 = EDGE_CURVE ( 'NONE', #827, #701, #1025, .T. ) ;
#975 = CARTESIAN_POINT ( 'NONE',  ( 1.322475605676659560, 0.7635316469341330015, -0.6302083333333349247 ) ) ;
#976 = CARTESIAN_POINT ( 'NONE',  ( -1.357050807568877859, -2.492861891654335783E-16, -1.687500000000000888 ) ) ;
#977 = CARTESIAN_POINT ( 'NONE',  ( 0.8660254037844384856, 1.500000000000000222, -3.041666666666666519 ) ) ;
#978 = CARTESIAN_POINT ( 'NONE',  ( 1.017788105676658450, -0.5876202367904178603, 0.08333333333333226012 ) ) ;
#979 = CARTESIAN_POINT ( 'NONE',  ( 4.000000000000000000, 0.000000000000000000, -4.000000000000000888 ) ) ;
#980 = DIRECTION ( 'NONE',  ( -0.7071067811865487940, 0.000000000000000000, -0.7071067811865463515 ) ) ;
#981 = DIRECTION ( 'NONE',  ( 0.000000000000000000, 0.000000000000000000, 1.000000000000000000 ) ) ;
#982 = LINE ( 'NONE', #164, #1202 ) ;
#983 = CARTESIAN_POINT ( 'NONE',  ( 1.322475605676659782, -0.7635316469341324463, -2.213541666666668295 ) ) ;
#984 = ADVANCED_FACE ( 'NONE', ( #693 ), #1208, .F. ) ;
#985 = ADVANCED_FACE ( 'NONE', ( #1864 ), #707, .F. ) ;
#986 = EDGE_CURVE ( 'NONE', #701, #2444, #366, .T. ) ;
#987 = CARTESIAN_POINT ( 'NONE',  ( -1.017788105676658228, -0.5876202367904186374, -2.145833333333334370 ) ) ;
#988 = CARTESIAN_POINT ( 'NONE',  ( -1.027884476896449462, 0.6350355834229528540, -3.651319763391009054 ) ) ;
#989 = CARTESIAN_POINT ( 'NONE',  ( -1.017788105676658228, -0.5876202367904186374, -1.083333333333334370 ) ) ;
#990 = ORIENTED_EDGE ( 'NONE', *, *, #868, .T. ) ;
#991 = CARTESIAN_POINT ( 'NONE',  ( 1.299038105676658450, -0.7499999999999997780, -3.166666666666666519 ) ) ;
#992 = DIRECTION ( 'NONE',  ( -0.8660254037844383745, -0.5000000000000003331, 0.000000000000000000 ) ) ;
#993 = CARTESIAN_POINT ( 'NONE',  ( -1.032638827917447877, -0.8440296991358412493, -0.2234637924762932215 ) ) ;
#994 = CARTESIAN_POINT ( 'NONE',  ( -0.8660254037844381525, -1.500000000000000888, -3.354166666666669183 ) ) ;
#995 = CARTESIAN_POINT ( 'NONE',  ( -1.322475605676660226, 0.7635316469341316692, -3.463541666666668295 ) ) ;
#996 = CARTESIAN_POINT ( 'NONE',  ( 0.6785254037844393737, -1.175240473580835721, -3.520833333333333925 ) ) ;
#997 = CARTESIAN_POINT ( 'NONE',  ( -1.554126587736530007, 1.903256151141339775E-16, 0.000000000000000000 ) ) ;
#998 = EDGE_CURVE ( 'NONE', #2201, #264, #1680, .T. ) ;
#999 = VECTOR ( 'NONE', #517, 1000.000000000000000 ) ;
#1000 = CARTESIAN_POINT ( 'NONE',  ( 0.6785254037844393737, -1.175240473580835721, -1.958333333333334592 ) ) ;
#1001 = VERTEX_POINT ( 'NONE', #313 ) ;
#1002 = CARTESIAN_POINT ( 'NONE',  ( -1.500000000000000444, 1.772117688952314140E-15, -1.437500000000002665 ) ) ;
#1003 = CARTESIAN_POINT ( 'NONE',  ( -1.128326581184222910, -0.3637141828989205461, -3.621113885844308378 ) ) ;
#1004 = CARTESIAN_POINT ( 'NONE',  ( 1.499999999999999778, -0.4019237886466845433, -0.6473290993692600859 ) ) ;
#1005 = FACE_OUTER_BOUND ( 'NONE', #631, .T. ) ;
#1006 = DIRECTION ( 'NONE',  ( 0.000000000000000000, 0.000000000000000000, 1.000000000000000000 ) ) ;
#1007 = AXIS2_PLACEMENT_3D ( 'NONE', #1591, #659, #2164 ) ;
#1008 = CARTESIAN_POINT ( 'NONE',  ( 0.000000000000000000, 1.527063293868265559, -3.546875000000001776 ) ) ;
#1009 = ORIENTED_EDGE ( 'NONE', *, *, #1188, .F. ) ;
#1010 = CARTESIAN_POINT ( 'NONE',  ( -1.357050807568877859, -2.492861891654335783E-16, -2.187500000000000888 ) ) ;
#1011 = CARTESIAN_POINT ( 'NONE',  ( -1.299038105676658894, 0.7499999999999991118, -2.979166666666669183 ) ) ;
#1012 = VERTEX_POINT ( 'NONE', #131 ) ;
#1013 = CARTESIAN_POINT ( 'NONE',  ( -1.017788105676658894, 0.5876202367904171942, -3.666666666666667407 ) ) ;
#1014 = ORIENTED_EDGE ( 'NONE', *, *, #766, .F. ) ;
#1015 = CARTESIAN_POINT ( 'NONE',  ( 1.500000000000000222, -4.561024215828087150E-15, -2.187500000000002665 ) ) ;
#1016 = CARTESIAN_POINT ( 'NONE',  ( -2.700869069927281042E-15, 3.175426480542939078, -3.000000000000000888 ) ) ;
#1017 = FACE_OUTER_BOUND ( 'NONE', #1043, .T. ) ;
#1018 = CARTESIAN_POINT ( 'NONE',  ( 2.749999999999998668, -0.5350914839149930602, -0.02309699843645487277 ) ) ;
#1019 = CARTESIAN_POINT ( 'NONE',  ( 0.000000000000000000, 1.500000000000000222, -1.999999999999999556 ) ) ;
#1020 = CARTESIAN_POINT ( 'NONE',  ( -0.8816504037844405950, 1.527063293868265115, -2.005208333333335258 ) ) ;
#1021 = ORIENTED_EDGE ( 'NONE', *, *, #1334, .F. ) ;
#1022 = CARTESIAN_POINT ( 'NONE',  ( 1.357050807568877859, 8.309539638847786353E-17, -0.9375000000000008882 ) ) ;
#1023 = CARTESIAN_POINT ( 'NONE',  ( -0.8816504037844403729, 1.527063293868264893, -4.473958333333333925 ) ) ;
#1024 = CARTESIAN_POINT ( 'NONE',  ( 0.000000000000000000, 1.175240473580836165, -3.312500000000001332 ) ) ;
#1025 = LINE ( 'NONE', #2269, #2017 ) ;
#1026 = ORIENTED_EDGE ( 'NONE', *, *, #1578, .F. ) ;
#1027 = CARTESIAN_POINT ( 'NONE',  ( -0.6785254037844385966, -1.175240473580836165, -3.041666666666667851 ) ) ;
#1028 = VERTEX_POINT ( 'NONE', #925 ) ;
#1029 = CARTESIAN_POINT ( 'NONE',  ( 1.500000000000000222, 2.033577675846917841E-16, -1.687500000000002442 ) ) ;
#1030 =( BOUNDED_CURVE ( )  B_SPLINE_CURVE ( 2, ( #50, #2237, #1994, #881, #842, #1077, #1436, #1845, #828, #1979, #449, #88, #495, #1818, #226, #1022, #1607, #2374, #63, #632, #1421, #435, #1229, #241, #1624, #1243, #1638, #2401, #2209, #464, #1258, #1119, #2451, #1860, #1676, #2474, #2299, #1879, #2061, #333, #1507, #2489, #918, #2085, #508, #1895, #1321, #139, #713, #1090, #1485, #295, #897, #1685, #1130, #934, #1710, #737, #1496, #1520, #2287, #2264, #529, #702, #2274, #2074, #1282, #126, #2461, #1295, #2440, #541, #1332, #749, #309, #2098, #1723, #348, #1146, #1909, #1532 ),
 .UNSPECIFIED., .F., .F. ) 
 B_SPLINE_CURVE_WITH_KNOTS ( ( 3, 2, 2, 2, 2, 2, 2, 2, 2, 2, 2, 2, 2, 2, 2, 2, 2, 2, 2, 2, 2, 2, 2, 2, 2, 2, 2, 2, 2, 2, 2, 2, 2, 2, 2, 2, 2, 2, 2, 2, 3 ),
 ( 0.1256136007237140806, 0.1296296296296296224, 0.1481481481481481399, 0.1666666666666666574, 0.1851851851851851749, 0.2037037037037036924, 0.2222222222222222099, 0.2407407407407407551, 0.2592592592592592449, 0.2777777777777777901, 0.2962962962962962798, 0.3148148148148148251, 0.3333333333333332593, 0.3518518518518518601, 0.3703703703703703498, 0.3888888888888888951, 0.4074074074074073848, 0.4259259259259259300, 0.4444444444444444198, 0.4629629629629629650, 0.4814814814814814548, 0.5000000000000000000, 0.5185185185185184897, 0.5370370370370372015, 0.5555555555555555802, 0.5740740740740740700, 0.5925925925925925597, 0.6111111111111111605, 0.6296296296296296502, 0.6481481481481481399, 0.6666666666666666297, 0.6851851851851852304, 0.7037037037037037202, 0.7222222222222222099, 0.7407407407407406996, 0.7592592592592593004, 0.7777777777777777901, 0.7962962962962962798, 0.8148148148148147696, 0.8333333333333333703, 0.8461434657787518798 ),
 .UNSPECIFIED. ) 
 CURVE ( )  GEOMETRIC_REPRESENTATION_ITEM ( )  RATIONAL_B_SPLINE_CURVE ( ( 0.9544928785368895774, 0.9709455240427569134, 1.000000000000000000, 0.8660254037844387076, 1.000000000000000000, 0.8660254037844387076, 1.000000000000000000, 0.8660254037844387076, 1.000000000000000000, 0.8660254037844387076, 1.000000000000000000, 0.8660254037844387076, 1.000000000000000000, 0.8660254037844387076, 1.000000000000000000, 0.8660254037844387076, 1.000000000000000000, 0.8660254037844387076, 1.000000000000000000, 0.8660254037844387076, 1.000000000000000000, 0.8660254037844387076, 1.000000000000000000, 0.8660254037844387076, 1.000000000000000000, 0.8660254037844387076, 1.000000000000000000, 0.8660254037844387076, 1.000000000000000000, 0.8660254037844387076, 1.000000000000000000, 0.8660254037844387076, 1.000000000000000000, 0.8660254037844387076, 1.000000000000000000, 0.8660254037844387076, 1.000000000000000000, 0.8660254037844387076, 1.000000000000000000, 0.8660254037844387076, 1.000000000000000000, 0.8660254037844387076, 1.000000000000000000, 0.8660254037844387076, 1.000000000000000000, 0.8660254037844387076, 1.000000000000000000, 0.8660254037844387076, 1.000000000000000000, 0.8660254037844387076, 1.000000000000000000, 0.8660254037844387076, 1.000000000000000000, 0.8660254037844387076, 1.000000000000000000, 0.8660254037844387076, 1.000000000000000000, 0.8660254037844387076, 1.000000000000000000, 0.8660254037844387076, 1.000000000000000000, 0.8660254037844387076, 1.000000000000000000, 0.8660254037844387076, 1.000000000000000000, 0.8660254037844387076, 1.000000000000000000, 0.8660254037844387076, 1.000000000000000000, 0.8660254037844387076, 1.000000000000000000, 0.8660254037844387076, 1.000000000000000000, 0.8660254037844387076, 1.000000000000000000, 0.8660254037844387076, 1.000000000000000000, 0.8660254037844387076, 1.000000000000000000, 0.9073234546204883566, 0.9428643818976782942 ) ) 
 REPRESENTATION_ITEM ( '' )  );
#1031 = CARTESIAN_POINT ( 'NONE',  ( -1.296574408024704805, -1.836178290852457786E-11, -0.2575521797118244804 ) ) ;
#1032 = EDGE_CURVE ( 'NONE', #532, #2444, #679, .T. ) ;
#1033 = CARTESIAN_POINT ( 'NONE',  ( 1.500000000000000222, -0.4019237886466838772, -1.647329099369260197 ) ) ;
#1034 = CARTESIAN_POINT ( 'NONE',  ( 1.175240473580836165, 1.103942166888326870E-15, -0.3788861141556929546 ) ) ;
#1035 = CARTESIAN_POINT ( 'NONE',  ( -1.500000000000000222, -6.100733027540754016E-16, -2.937500000000002220 ) ) ;
#1036 = ORIENTED_EDGE ( 'NONE', *, *, #2002, .F. ) ;
#1037 = DIRECTION ( 'NONE',  ( 0.4999999999999998335, 0.8660254037844388186, -0.000000000000000000 ) ) ;
#1038 = CARTESIAN_POINT ( 'NONE',  ( 0.8816504037844401509, -1.527063293868264893, -3.223958333333333925 ) ) ;
#1039 = CARTESIAN_POINT ( 'NONE',  ( 0.8816504037844401509, -1.527063293868264893, -0.2239583333333339255 ) ) ;
#1040 = CARTESIAN_POINT ( 'NONE',  ( -1.350627636019755773, 0.2137024942596530142, -3.809247746105995702 ) ) ;
#1041 = ORIENTED_EDGE ( 'NONE', *, *, #1286, .F. ) ;
#1042 = CARTESIAN_POINT ( 'NONE',  ( -1.017788105676658228, -0.5876202367904186374, -2.083333333333334370 ) ) ;
#1043 = EDGE_LOOP ( 'NONE', ( #2367, #38, #1656, #481 ) ) ;
#1044 = CARTESIAN_POINT ( 'NONE',  ( 0.8660254037844384856, 1.500000000000000222, -1.041666666666666519 ) ) ;
#1045 = CARTESIAN_POINT ( 'NONE',  ( -0.8992603024194801842, -0.7727066719830187891, -3.621113885844308378 ) ) ;
#1046 = CARTESIAN_POINT ( 'NONE',  ( 1.500000000000000222, -4.561024215828087150E-15, -2.187500000000002665 ) ) ;
#1047 = CARTESIAN_POINT ( 'NONE',  ( -1.500000000000000444, 1.801168798607270271E-15, -1.875000000000000000 ) ) ;
#1048 =( BOUNDED_CURVE ( )  B_SPLINE_CURVE ( 2, ( #1225, #2004, #1352, #2467, #2103, #1316, #354, #524, #770 ),
 .UNSPECIFIED., .F., .T. ) 
 B_SPLINE_CURVE_WITH_KNOTS ( ( 3, 2, 2, 2, 3 ),
 ( 0.02777777777777779011, 0.03703703703703709049, 0.05555555555555558023, 0.07407407407407406996, 0.08333333333333325932 ),
 .UNSPECIFIED. ) 
 CURVE ( )  GEOMETRIC_REPRESENTATION_ITEM ( )  RATIONAL_B_SPLINE_CURVE ( ( 0.9330127018922194093, 0.9330127018922194093, 1.000000000000000000, 0.8660254037844387076, 1.000000000000000000, 0.8660254037844387076, 1.000000000000000000, 0.9330127018922197424, 0.9330127018922194093 ) ) 
 REPRESENTATION_ITEM ( '' )  );
#1049 = VERTEX_POINT ( 'NONE', #729 ) ;
#1050 = CARTESIAN_POINT ( 'NONE',  ( 0.000000000000000000, 1.527063293868265337, -3.515625000000000444 ) ) ;
#1051 = EDGE_CURVE ( 'NONE', #1844, #818, #624, .T. ) ;
#1052 = CARTESIAN_POINT ( 'NONE',  ( -1.763300807568878970, -3.239131034884756050E-16, -1.390625000000000444 ) ) ;
#1053 = PLANE ( 'NONE',  #1814 ) ;
#1054 = VERTEX_POINT ( 'NONE', #1848 ) ;
#1055 = CARTESIAN_POINT ( 'NONE',  ( 0.000000000000000000, 1.175240473580836165, -2.250000000000001332 ) ) ;
#1056 = ORIENTED_EDGE ( 'NONE', *, *, #909, .F. ) ;
#1057 = CARTESIAN_POINT ( 'NONE',  ( 1.017788105676658450, 0.5876202367904181934, -2.333333333333334370 ) ) ;
#1058 = CARTESIAN_POINT ( 'NONE',  ( 1.215656824104895284, 0.1875554741192480279, -0.3384697636316374436 ) ) ;
#1059 = CARTESIAN_POINT ( 'NONE',  ( 1.017788105676658450, -0.5876202367904178603, -1.416666666666667629 ) ) ;
#1060 = CARTESIAN_POINT ( 'NONE',  ( -1.299038105676658894, 0.7499999999999991118, -1.979166666666669405 ) ) ;
#1061 = ORIENTED_EDGE ( 'NONE', *, *, #323, .F. ) ;
#1062 = ORIENTED_EDGE ( 'NONE', *, *, #1051, .F. ) ;
#1063 = CARTESIAN_POINT ( 'NONE',  ( 0.8660254037844393737, -1.499999999999999778, -2.708333333333333481 ) ) ;
#1064 = CARTESIAN_POINT ( 'NONE',  ( 1.322475605676659560, -0.7635316469341323353, -3.682291666666666963 ) ) ;
#1065 = EDGE_CURVE ( 'NONE', #827, #1247, #1163, .T. ) ;
#1066 = CARTESIAN_POINT ( 'NONE',  ( 0.8816504037844392627, 1.527063293868265337, -2.057291666666666963 ) ) ;
#1067 = CARTESIAN_POINT ( 'NONE',  ( 1.500000000000000222, -4.561024215828087150E-15, -2.687500000000002220 ) ) ;
#1068 = EDGE_CURVE ( 'NONE', #1484, #191, #230, .T. ) ;
#1069 = CARTESIAN_POINT ( 'NONE',  ( -1.017788105676658894, 0.5876202367904171942, -1.229166666666667407 ) ) ;
#1070 = VERTEX_POINT ( 'NONE', #2431 ) ;
#1071 = CARTESIAN_POINT ( 'NONE',  ( 0.000000000000000000, 1.175240473580836165, -1.750000000000001110 ) ) ;
#1072 = CARTESIAN_POINT ( 'NONE',  ( -0.8660254037844381525, -1.500000000000000888, -2.854166666666669183 ) ) ;
#1073 = CARTESIAN_POINT ( 'NONE',  ( -1.017788105676658894, 0.5876202367904171942, -1.166666666666667629 ) ) ;
#1074 = CARTESIAN_POINT ( 'NONE',  ( -0.6785254037844385966, -1.175240473580836165, -4.104166666666667851 ) ) ;
#1075 = CARTESIAN_POINT ( 'NONE',  ( 0.6483612891667259737, -1.234303745175889588, -3.837024948232736765 ) ) ;
#1076 = ORIENTED_EDGE ( 'NONE', *, *, #539, .T. ) ;
#1077 = CARTESIAN_POINT ( 'NONE',  ( 0.6785254037844392627, -1.175240473580835943, -0.5208333333333342585 ) ) ;
#1078 = CARTESIAN_POINT ( 'NONE',  ( -1.500000000000000222, 4.154308680658704075E-15, -2.437500000000002665 ) ) ;
#1079 =( BOUNDED_CURVE ( )  B_SPLINE_CURVE ( 2, ( #775, #788, #2331, #1556, #2320, #587, #933, #1379, #2140 ),
 .UNSPECIFIED., .F., .T. ) 
 B_SPLINE_CURVE_WITH_KNOTS ( ( 3, 2, 2, 2, 3 ),
 ( 0.5277777777777777901, 0.5370370370370370905, 0.5555555555555555802, 0.5740740740740740700, 0.5833333333333333703 ),
 .UNSPECIFIED. ) 
 CURVE ( )  GEOMETRIC_REPRESENTATION_ITEM ( )  RATIONAL_B_SPLINE_CURVE ( ( 0.9330127018922194093, 0.9330127018922194093, 1.000000000000000000, 0.8660254037844387076, 1.000000000000000000, 0.8660254037844387076, 1.000000000000000000, 0.9330127018922189652, 0.9330127018922194093 ) ) 
 REPRESENTATION_ITEM ( '' )  );
#1080 = CARTESIAN_POINT ( 'NONE',  ( 1.870113174931185101E-16, -1.527063293868265337, -0.7656250000000006661 ) ) ;
#1081 = CARTESIAN_POINT ( 'NONE',  ( -0.8660254037844395958, 1.499999999999999778, -2.520833333333335702 ) ) ;
#1082 = ORIENTED_EDGE ( 'NONE', *, *, #1201, .T. ) ;
#1083 = CARTESIAN_POINT ( 'NONE',  ( 1.017788105676658450, -0.5876202367904178603, -2.416666666666667851 ) ) ;
#1084 = DIRECTION ( 'NONE',  ( -1.000000000000000000, 0.000000000000000000, 0.000000000000000000 ) ) ;
#1085 = CARTESIAN_POINT ( 'NONE',  ( 1.017788105676658450, 0.5876202367904181934, -2.333333333333334370 ) ) ;
#1086 = CARTESIAN_POINT ( 'NONE',  ( 1.357050807568877859, 8.309539638847786353E-17, -2.437500000000000888 ) ) ;
#1087 = CARTESIAN_POINT ( 'NONE',  ( 1.277743041494315168, -0.4578526382478934065, -3.799943302758945318 ) ) ;
#1088 = VECTOR ( 'NONE', #237, 1000.000000000000000 ) ;
#1089 = ORIENTED_EDGE ( 'NONE', *, *, #1803, .T. ) ;
#1090 = CARTESIAN_POINT ( 'NONE',  ( 0.6785254037844388186, 1.175240473580836165, -2.354166666666667407 ) ) ;
#1091 = DIRECTION ( 'NONE',  ( 1.000000000000000000, 0.000000000000000000, 0.000000000000000000 ) ) ;
#1092 = AXIS2_PLACEMENT_3D ( 'NONE', #304, #249, #2435 ) ;
#1093 = AXIS2_PLACEMENT_3D ( 'NONE', #433, #1392, #61 ) ;
#1095 = VERTEX_POINT ( 'NONE', #2242 ) ;
#1094 = CONICAL_SURFACE ( 'NONE', #212, 1.554126587736530007, 0.7853981633974500554 ) ;
#1096 = CARTESIAN_POINT ( 'NONE',  ( -0.6785254037844385966, -1.175240473580836165, -4.104166666666667851 ) ) ;
#1097 = CARTESIAN_POINT ( 'NONE',  ( -1.500000000000000888, -0.4019237886466834886, -1.352670900630739803 ) ) ;
#1098 = CARTESIAN_POINT ( 'NONE',  ( -1.357050807568877859, -2.492861891654335783E-16, -3.125000000000000888 ) ) ;
#1099 = PERSON_AND_ORGANIZATION_ROLE ( 'design_owner' ) ;
#1100 = CARTESIAN_POINT ( 'NONE',  ( -1.017788105676658228, -0.5876202367904186374, -3.083333333333334370 ) ) ;
#1101 = CARTESIAN_POINT ( 'NONE',  ( -1.357050807568877859, -2.492861891654335783E-16, -1.687500000000000888 ) ) ;
#1102 = EDGE_CURVE ( 'NONE', #532, #827, #1423, .T. ) ;
#1103 = EDGE_CURVE ( 'NONE', #463, #716, #156, .T. ) ;
#1104 = ORIENTED_EDGE ( 'NONE', *, *, #2285, .T. ) ;
#1105 = LINE ( 'NONE', #1870, #999 ) ;
#1106 = CARTESIAN_POINT ( 'NONE',  ( -2.749999999999999112, -1.587713240271470427, -3.000000000000000888 ) ) ;
#1107 = EDGE_LOOP ( 'NONE', ( #786, #674, #1645, #2173, #434, #2239, #283, #808, #120 ) ) ;
#1108 = CARTESIAN_POINT ( 'NONE',  ( 1.322475605676659338, 0.7635316469341328904, -2.598958333333333925 ) ) ;
#1109 = CARTESIAN_POINT ( 'NONE',  ( -1.500000000000000444, 0.4019237886466834331, -0.9598290993692626394 ) ) ;
#1110 = B_SPLINE_CURVE_WITH_KNOTS ( 'NONE', 3,
 ( #1552, #1935, #1362, #1151, #549, #1728, #2127, #199, #356, #1190, #188, #398, #953, #1526, #1384, #793, #1955, #988, #1541, #379, #1572, #1561 ),
 .UNSPECIFIED., .F., .F.,
 ( 4, 2, 2, 2, 2, 2, 2, 2, 2, 2, 4 ),
 ( 0.005419589682273426821, 0.005911894906077141271, 0.006404200129880854853, 0.006896505353684569302, 0.007388810577488283751, 0.007634963189390141410, 0.007881115801291999068, 0.008373421025095712650, 0.008619573636997569441, 0.008865726248899426232, 0.009358031472703141548 ),
 .UNSPECIFIED. ) ;
#1111 = B_SPLINE_CURVE_WITH_KNOTS ( 'NONE', 3,
 ( #355, #1462, #293, #86, #2104, #480, #1843, #1474, #864, #1649, #2412, #1514, #281, #672, #700, #1269, #1075, #147, #2091, #2235, #878, #1087, #1858, #104, #895, #1673 ),
 .UNSPECIFIED., .F., .F.,
 ( 4, 2, 2, 2, 2, 2, 2, 2, 2, 2, 2, 2, 4 ),
 ( 0.0009798310697921620849, 0.001534800896352319635, 0.001812285809632398735, 0.002089770722912477618, 0.002367255636192556502, 0.002644740549472635819, 0.003199710376032794019, 0.003754680202592952220, 0.004032165115873030670, 0.004309650029153109553, 0.004864619855713268187, 0.005142104768993347071, 0.005419589682273426821 ),
 .UNSPECIFIED. ) ;
#1112 = CARTESIAN_POINT ( 'NONE',  ( 1.173961897284921285, -0.05480542368868306785, -0.3788861141556922330 ) ) ;
#1113 = B_SPLINE_CURVE_WITH_KNOTS ( 'NONE', 3,
 ( #2511, #1734, #2312, #764, #1949, #789 ),
 .UNSPECIFIED., .F., .F.,
 ( 4, 2, 4 ),
 ( 0.001606744326298687950, 0.002406996759593247898, 0.003207249192887808280 ),
 .UNSPECIFIED. ) ;
#1114 = CARTESIAN_POINT ( 'NONE',  ( -1.017788105676658894, 0.5876202367904171942, -2.666666666666667407 ) ) ;
#1115 = PERSON_AND_ORGANIZATION_ROLE ( 'creator' ) ;
#1116 = CARTESIAN_POINT ( 'NONE',  ( 1.017788105676658450, 0.5876202367904181934, -1.833333333333334370 ) ) ;
#1117 = CARTESIAN_POINT ( 'NONE',  ( -0.6785254037844395958, 1.175240473580835721, -2.770833333333333925 ) ) ;
#1118 = ADVANCED_FACE ( 'NONE', ( #167 ), #2101, .F. ) ;
#1119 = CARTESIAN_POINT ( 'NONE',  ( -0.6785254037844385966, -1.175240473580836387, -1.604166666666667851 ) ) ;
#1120 = CARTESIAN_POINT ( 'NONE',  ( 0.000000000000000000, 0.000000000000000000, 0.000000000000000000 ) ) ;
#1121 = CARTESIAN_POINT ( 'NONE',  ( 1.322475605676659782, -0.7635316469341324463, -0.2135416666666682950 ) ) ;
#1122 = CARTESIAN_POINT ( 'NONE',  ( 0.000000000000000000, 1.175240473580836165, -0.3125000000000010547 ) ) ;
#1123 = ORIENTED_EDGE ( 'NONE', *, *, #673, .T. ) ;
#1124 = CARTESIAN_POINT ( 'NONE',  ( -1.500000000000000444, 1.801168798607270271E-15, -1.375000000000000222 ) ) ;
#1125 = CARTESIAN_POINT ( 'NONE',  ( 0.6785254037844393737, -1.175240473580835721, -1.020833333333334592 ) ) ;
#1126 = CARTESIAN_POINT ( 'NONE',  ( 1.357050807568877859, 8.309539638847786353E-17, -0.3750000000000010547 ) ) ;
#1127 = PERSON_AND_ORGANIZATION ( #1372, #467 ) ;
#1128 = DIRECTION ( 'NONE',  ( 0.000000000000000000, 0.000000000000000000, 1.000000000000000000 ) ) ;
#1129 = CARTESIAN_POINT ( 'NONE',  ( -0.6785254037844385966, -1.175240473580836165, -2.104166666666667851 ) ) ;
#1130 = CARTESIAN_POINT ( 'NONE',  ( 1.439254484199190365E-16, -1.175240473580836165, -2.562500000000000888 ) ) ;
#1131 = CARTESIAN_POINT ( 'NONE',  ( 0.000000000000000000, 1.527063293868265559, 0.4531249999999983347 ) ) ;
#1132 = ORIENTED_EDGE ( 'NONE', *, *, #2326, .F. ) ;
#1133 = CC_DESIGN_SECURITY_CLASSIFICATION ( #884, ( #967 ) ) ;
#1134 = CARTESIAN_POINT ( 'NONE',  ( 1.499999999999998890, -0.4019237886466860976, -1.209829099369262861 ) ) ;
#1135 =( BOUNDED_CURVE ( )  B_SPLINE_CURVE ( 2, ( #1551, #1901, #1169, #1524, #939, #1890, #2117, #2479, #146 ),
 .UNSPECIFIED., .F., .T. ) 
 B_SPLINE_CURVE_WITH_KNOTS ( ( 3, 2, 2, 2, 3 ),
 ( 0.08333333333333334259, 0.09259259259259258745, 0.1111111111111111049, 0.1296296296296296224, 0.1388888888888888951 ),
 .UNSPECIFIED. ) 
 CURVE ( )  GEOMETRIC_REPRESENTATION_ITEM ( )  RATIONAL_B_SPLINE_CURVE ( ( 0.9330127018922192983, 0.9330127018922194093, 1.000000000000000000, 0.8660254037844387076, 1.000000000000000000, 0.8660254037844387076, 1.000000000000000000, 0.9330127018922191873, 0.9330127018922192983 ) ) 
 REPRESENTATION_ITEM ( '' )  );
#1136 = EDGE_CURVE ( 'NONE', #1386, #2000, #1932, .T. ) ;
#1137 = CIRCLE ( 'NONE', #1535, 1.554126587736530007 ) ;
#1138 = CARTESIAN_POINT ( 'NONE',  ( 1.500000000000000222, -1.074891057233370936E-15, -0.1875000000000025813 ) ) ;
#1139 = CARTESIAN_POINT ( 'NONE',  ( 0.000000000000000000, 0.000000000000000000, 0.000000000000000000 ) ) ;
#1140 = AXIS2_PLACEMENT_3D ( 'NONE', #2524, #1186, #185 ) ;
#1141 = CARTESIAN_POINT ( 'NONE',  ( 0.000000000000000000, 1.175240473580836165, -0.7500000000000011102 ) ) ;
#1142 = DATE_AND_TIME ( #342, #2499 ) ;
#1143 = CARTESIAN_POINT ( 'NONE',  ( -6.702756654546792200E-16, -3.175426480542939522, -0.2456200930618600842 ) ) ;
#1144 = CARTESIAN_POINT ( 'NONE',  ( 1.500000000000000222, 0.000000000000000000, -3.000000000000000888 ) ) ;
#1145 = CARTESIAN_POINT ( 'NONE',  ( 0.000000000000000000, 1.500000000000000222, -1.500000000000000000 ) ) ;
#1146 = CARTESIAN_POINT ( 'NONE',  ( 1.439254484199190365E-16, -1.175240473580836165, -3.562500000000000888 ) ) ;
#1147 = DIRECTION ( 'NONE',  ( 0.000000000000000000, 0.000000000000000000, -1.000000000000000000 ) ) ;
#1148 = CARTESIAN_POINT ( 'NONE',  ( -1.763300807568879414, -3.239131034884756543E-16, -1.421875000000001554 ) ) ;
#1149 = CARTESIAN_POINT ( 'NONE',  ( 1.836970198721030427E-16, -1.500000000000000222, -1.312500000000002442 ) ) ;
#1150 = ADVANCED_FACE ( 'NONE', ( #963 ), #768, .F. ) ;
#1151 = CARTESIAN_POINT ( 'NONE',  ( 1.161637121418023444, 0.6291904863124595515, -3.756741980155982930 ) ) ;
#1152 = CARTESIAN_POINT ( 'NONE',  ( -1.357050807568877859, -2.492861891654335783E-16, -1.625000000000001110 ) ) ;
#1153 = CARTESIAN_POINT ( 'NONE',  ( 0.000000000000000000, 0.000000000000000000, -4.000000000000000888 ) ) ;
#1154 = CARTESIAN_POINT ( 'NONE',  ( 0.6785254037844393737, -1.175240473580835721, -0.9583333333333344806 ) ) ;
#1155 = CARTESIAN_POINT ( 'NONE',  ( -1.500000000000000444, 1.801168798607270271E-15, -1.875000000000000000 ) ) ;
#1156 = CARTESIAN_POINT ( 'NONE',  ( 1.299038105676658450, -0.7499999999999997780, -0.6666666666666664076 ) ) ;
#1157 = DIRECTION ( 'NONE',  ( 1.000000000000000000, 0.000000000000000000, 0.000000000000000000 ) ) ;
#1158 = CARTESIAN_POINT ( 'NONE',  ( -1.322475605676659338, -0.7635316469341334455, -1.880208333333334814 ) ) ;
#1159 = CARTESIAN_POINT ( 'NONE',  ( 0.6785254037844388186, 1.175240473580835943, 0.1458333333333323156 ) ) ;
#1160 = CARTESIAN_POINT ( 'NONE',  ( 1.500000000000000222, -1.074891057233370936E-15, -0.1875000000000025813 ) ) ;
#1161 = CARTESIAN_POINT ( 'NONE',  ( -1.017788105676658228, -0.5876202367904186374, -0.08333333333333439730 ) ) ;
#1162 = CARTESIAN_POINT ( 'NONE',  ( 1.017788105676658450, 0.5876202367904181934, -0.3333333333333343695 ) ) ;
#1163 =( BOUNDED_CURVE ( )  B_SPLINE_CURVE ( 2, ( #717, #2418, #1468, #2230, #500, #487, #1274, #1109, #121 ),
 .UNSPECIFIED., .F., .T. ) 
 B_SPLINE_CURVE_WITH_KNOTS ( ( 3, 2, 2, 2, 3 ),
 ( 0.6388888888888888395, 0.6481481481481481399, 0.6666666666666667407, 0.6851851851851851194, 0.6944444444444444198 ),
 .UNSPECIFIED. ) 
 CURVE ( )  GEOMETRIC_REPRESENTATION_ITEM ( )  RATIONAL_B_SPLINE_CURVE ( ( 0.9330127018922194093, 0.9330127018922189652, 1.000000000000000000, 0.8660254037844387076, 1.000000000000000000, 0.8660254037844387076, 1.000000000000000000, 0.9330127018922194093, 0.9330127018922194093 ) ) 
 REPRESENTATION_ITEM ( '' )  );
#1164 = CARTESIAN_POINT ( 'NONE',  ( -1.017788105676658894, 0.5876202367904171942, -4.229166666666667851 ) ) ;
#1165 = CARTESIAN_POINT ( 'NONE',  ( -0.02714554717677809467, -1.377545769553256028, -0.1792532310038030263 ) ) ;
#1166 = CARTESIAN_POINT ( 'NONE',  ( -1.374999999999999334, -2.381569860407206640, 0.000000000000000000 ) ) ;
#1167 = CARTESIAN_POINT ( 'NONE',  ( 1.322475605676659782, -0.7635316469341324463, -1.713541666666668295 ) ) ;
#1168 = AXIS2_PLACEMENT_3D ( 'NONE', #2353, #821, #1751 ) ;
#1169 = CARTESIAN_POINT ( 'NONE',  ( -1.299038105676658894, 0.7499999999999991118, -0.4166666666666665186 ) ) ;
#1170 = CARTESIAN_POINT ( 'NONE',  ( -1.500000000000000222, -5.810221930991193690E-16, -2.374999999999999112 ) ) ;
#1171 = CARTESIAN_POINT ( 'NONE',  ( 1.017788105676658450, 0.5876202367904181934, 0.1666666666666656027 ) ) ;
#1172 = DIRECTION ( 'NONE',  ( 0.000000000000000000, 0.000000000000000000, 1.000000000000000000 ) ) ;
#1173 = CARTESIAN_POINT ( 'NONE',  ( 0.9064794551410476631, 2.652070323102388993, 3.413728572083323489E-15 ) ) ;
#1174 = EDGE_CURVE ( 'NONE', #1448, #428, #1906, .T. ) ;
#1175 = DIRECTION ( 'NONE',  ( 1.000000000000000000, 0.000000000000000000, 0.000000000000000000 ) ) ;
#1176 = CARTESIAN_POINT ( 'NONE',  ( -1.500000000000000222, 4.154308680658704075E-15, -3.437500000000003109 ) ) ;
#1177 = EDGE_CURVE ( 'NONE', #87, #2049, #1110, .T. ) ;
#1178 = CARTESIAN_POINT ( 'NONE',  ( 0.000000000000000000, 1.527063293868265559, -2.546875000000001776 ) ) ;
#1179 = CARTESIAN_POINT ( 'NONE',  ( 0.6785254037844388186, 1.175240473580835943, -1.854166666666667407 ) ) ;
#1180 = DIRECTION ( 'NONE',  ( 0.000000000000000000, 0.000000000000000000, 1.000000000000000000 ) ) ;
#1181 = DIRECTION ( 'NONE',  ( 0.000000000000000000, 0.000000000000000000, 1.000000000000000000 ) ) ;
#1182 = ORIENTED_EDGE ( 'NONE', *, *, #1487, .F. ) ;
#1183 = CARTESIAN_POINT ( 'NONE',  ( 1.500000000000000222, -4.561024215828087150E-15, -3.124999999999999556 ) ) ;
#1184 = CARTESIAN_POINT ( 'NONE',  ( -1.554126587736530007, 0.000000000000000000, -4.000000000000000888 ) ) ;
#1185 = CARTESIAN_POINT ( 'NONE',  ( 0.8660254037844393737, -1.499999999999999778, -0.7083333333333330373 ) ) ;
#1186 = DIRECTION ( 'NONE',  ( 0.000000000000000000, 0.000000000000000000, 1.000000000000000000 ) ) ;
#1187 = CARTESIAN_POINT ( 'NONE',  ( 0.000000000000000000, 1.527063293868265559, -3.046875000000001776 ) ) ;
#1188 = EDGE_CURVE ( 'NONE', #1817, #2477, #579, .T. ) ;
#1189 = CARTESIAN_POINT ( 'NONE',  ( 1.017788105676658450, -0.5876202367904178603, -1.979166666666667629 ) ) ;
#1190 = CARTESIAN_POINT ( 'NONE',  ( -0.01870854004100896625, 1.258760057850635716, -3.702097156615676621 ) ) ;
#1191 = CARTESIAN_POINT ( 'NONE',  ( 1.017788105676658450, 0.5876202367904181934, -3.833333333333333925 ) ) ;
#1192 = ORIENTED_EDGE ( 'NONE', *, *, #65, .T. ) ;
#1193 = CARTESIAN_POINT ( 'NONE',  ( 0.6869706158559316655, 0.9747225012350126949, -0.3679809565007453598 ) ) ;
#1194 = CARTESIAN_POINT ( 'NONE',  ( -1.500000000000000222, 1.836970198721030181E-16, -3.000000000000000888 ) ) ;
#1195 = CARTESIAN_POINT ( 'NONE',  ( 1.500000000000000222, -4.561024215828087150E-15, -2.687500000000002220 ) ) ;
#1196 = CARTESIAN_POINT ( 'NONE',  ( 1.500000000000000222, 2.033577675846917841E-16, -2.124999999999999556 ) ) ;
#1197 = CARTESIAN_POINT ( 'NONE',  ( -1.322475605676659338, -0.7635316469341334455, -2.380208333333334814 ) ) ;
#1198 = EDGE_LOOP ( 'NONE', ( #1242, #1666, #1637, #1221, #1192, #1089 ) ) ;
#1199 = CARTESIAN_POINT ( 'NONE',  ( 0.000000000000000000, 1.175240473580836165, -2.312500000000001332 ) ) ;
#1200 = CARTESIAN_POINT ( 'NONE',  ( 4.000000000000000000, 0.000000000000000000, -3.000000000000000888 ) ) ;
#1201 = EDGE_CURVE ( 'NONE', #1777, #1616, #581, .T. ) ;
#1202 = VECTOR ( 'NONE', #1950, 1000.000000000000000 ) ;
#1203 = ORIENTED_EDGE ( 'NONE', *, *, #1758, .F. ) ;
#1204 = CARTESIAN_POINT ( 'NONE',  ( 0.000000000000000000, 1.175240473580836165, -3.750000000000001332 ) ) ;
#1205 = ORIENTED_EDGE ( 'NONE', *, *, #2116, .T. ) ;
#1206 = CARTESIAN_POINT ( 'NONE',  ( 1.500000000000000222, -4.561024215828087150E-15, -3.625000000000000000 ) ) ;
#1207 = CARTESIAN_POINT ( 'NONE',  ( 1.017788105676658450, -0.5876202367904178603, -0.4166666666666677399 ) ) ;
#1208 = CONICAL_SURFACE ( 'NONE', #592, 1.554126587736530007, 0.7853981633974500554 ) ;
#1209 = CARTESIAN_POINT ( 'NONE',  ( -1.500000000000000888, -0.4019237886466834886, -1.852670900630739803 ) ) ;
#1210 = DIRECTION ( 'NONE',  ( 1.000000000000000000, 0.000000000000000000, 0.000000000000000000 ) ) ;
#1211 = DIRECTION ( 'NONE',  ( 1.000000000000000000, 0.000000000000000000, 0.000000000000000000 ) ) ;
#1212 = VECTOR ( 'NONE', #1697, 1000.000000000000000 ) ;
#1213 = CARTESIAN_POINT ( 'NONE',  ( 1.322475605676659782, -0.7635316469341324463, -3.713541666666668295 ) ) ;
#1214 = ORIENTED_EDGE ( 'NONE', *, *, #485, .T. ) ;
#1215 = CARTESIAN_POINT ( 'NONE',  ( 1.836970198721030427E-16, -1.500000000000000222, -2.312500000000002665 ) ) ;
#1216 = CARTESIAN_POINT ( 'NONE',  ( -1.017788105676658894, 0.5876202367904171942, -3.229166666666667407 ) ) ;
#1217 = FACE_OUTER_BOUND ( 'NONE', #1198, .T. ) ;
#1218 = EDGE_CURVE ( 'NONE', #1070, #1869, #2507, .T. ) ;
#1219 = ORIENTED_EDGE ( 'NONE', *, *, #2141, .F. ) ;
#1220 = CARTESIAN_POINT ( 'NONE',  ( 0.6785254037844393737, -1.175240473580835721, -3.958333333333334370 ) ) ;
#1221 = ORIENTED_EDGE ( 'NONE', *, *, #272, .T. ) ;
#1222 = CARTESIAN_POINT ( 'NONE',  ( -1.500000000000000222, -5.810221930991193690E-16, -3.374999999999999112 ) ) ;
#1223 = CARTESIAN_POINT ( 'NONE',  ( -1.357050807568877859, -2.492861891654335783E-16, -0.6250000000000012212 ) ) ;
#1224 = CARTESIAN_POINT ( 'NONE',  ( -1.500000000000000222, 1.836970198721030181E-16, -3.000000000000000888 ) ) ;
#1225 = CARTESIAN_POINT ( 'NONE',  ( -1.500000000000000222, -6.100733027540754016E-16, -3.937500000000001776 ) ) ;
#1226 = CARTESIAN_POINT ( 'NONE',  ( -0.8660254037844381525, -1.500000000000000888, -1.854166666666669627 ) ) ;
#1227 = B_SPLINE_CURVE_WITH_KNOTS ( 'NONE', 3,
 ( #2425, #493, #1280, #2033 ),
 .UNSPECIFIED., .F., .F.,
 ( 4, 4 ),
 ( 2.380742992386783377E-07, 0.001606744326298686649 ),
 .UNSPECIFIED. ) ;
#1228 = VERTEX_POINT ( 'NONE', #2481 ) ;
#1229 = CARTESIAN_POINT ( 'NONE',  ( -1.017788105676658894, 0.5876202367904171942, -1.229166666666667407 ) ) ;
#1230 = CARTESIAN_POINT ( 'NONE',  ( 1.299038105676658228, -0.7499999999999997780, -2.229166666666669183 ) ) ;
#1231 = CARTESIAN_POINT ( 'NONE',  ( -1.322475605676659116, -0.7635316469341333345, -0.8489583333333339255 ) ) ;
#1232 = CARTESIAN_POINT ( 'NONE',  ( -1.500000000000000222, 4.154308680658704075E-15, -2.437500000000002665 ) ) ;
#1233 = ORIENTED_EDGE ( 'NONE', *, *, #2116, .F. ) ;
#1234 = CARTESIAN_POINT ( 'NONE',  ( 1.357050807568877859, 8.309539638847786353E-17, -3.375000000000000888 ) ) ;
#1235 = ORIENTED_EDGE ( 'NONE', *, *, #272, .F. ) ;
#1236 = CARTESIAN_POINT ( 'NONE',  ( -1.499999999999999778, -0.4019237886466846543, -2.915170900630742246 ) ) ;
#1237 = CARTESIAN_POINT ( 'NONE',  ( -1.286568900344751354, 0.2455534075613063361, -0.2675576873952563162 ) ) ;
#1238 = CC_DESIGN_PERSON_AND_ORGANIZATION_ASSIGNMENT ( #1543, #2259, ( #967 ) ) ;
#1239 = DIRECTION ( 'NONE',  ( 0.7071067811865487940, 0.000000000000000000, 0.7071067811865463515 ) ) ;
#1240 = CARTESIAN_POINT ( 'NONE',  ( 0.000000000000000000, 1.500000000000000222, -2.062500000000002665 ) ) ;
#1241 = CARTESIAN_POINT ( 'NONE',  ( -1.306372029331211992, -0.1752799526125500551, -3.752245441594682873 ) ) ;
#1242 = ORIENTED_EDGE ( 'NONE', *, *, #215, .T. ) ;
#1243 = CARTESIAN_POINT ( 'NONE',  ( 0.6785254037844388186, 1.175240473580836165, -1.354166666666667629 ) ) ;
#1244 = CARTESIAN_POINT ( 'NONE',  ( -1.322475605676660226, 0.7635316469341315582, -2.932291666666666963 ) ) ;
#1245 = CARTESIAN_POINT ( 'NONE',  ( 1.870113174931185101E-16, -1.527063293868265337, -1.265625000000000666 ) ) ;
#1246 = CARTESIAN_POINT ( 'NONE',  ( 1.500000000000000222, -4.561024215828087150E-15, -3.187500000000002220 ) ) ;
#1247 = VERTEX_POINT ( 'NONE', #2 ) ;
#1248 = CARTESIAN_POINT ( 'NONE',  ( -1.017788105676658894, 0.5876202367904171942, -2.166666666666667851 ) ) ;
#1249 = VERTEX_POINT ( 'NONE', #388 ) ;
#1250 = CARTESIAN_POINT ( 'NONE',  ( 1.299038105676658228, 0.7500000000000003331, -1.083333333333333259 ) ) ;
#1251 = CARTESIAN_POINT ( 'NONE',  ( 0.000000000000000000, 1.175240473580836165, -3.250000000000001332 ) ) ;
#1252 = AXIS2_PLACEMENT_3D ( 'NONE', #181, #1530, #2128 ) ;
#1253 = CARTESIAN_POINT ( 'NONE',  ( 0.000000000000000000, 0.000000000000000000, 0.000000000000000000 ) ) ;
#1254 = CARTESIAN_POINT ( 'NONE',  ( -0.9264037094198886990, -0.7730713195741620858, -3.649274059830434069 ) ) ;
#1255 = EDGE_CURVE ( 'NONE', #1869, #1249, #1137, .T. ) ;
#1256 = VECTOR ( 'NONE', #2291, 1000.000000000000000 ) ;
#1257 = ORIENTED_EDGE ( 'NONE', *, *, #1260, .T. ) ;
#1258 = CARTESIAN_POINT ( 'NONE',  ( 1.439254484199190365E-16, -1.175240473580836165, -1.562500000000000888 ) ) ;
#1259 = CARTESIAN_POINT ( 'NONE',  ( 1.322475605676659338, 0.7635316469341328904, -3.598958333333333925 ) ) ;
#1260 = EDGE_CURVE ( 'NONE', #463, #2248, #1298, .T. ) ;
#1261 = CARTESIAN_POINT ( 'NONE',  ( 0.000000000000000000, 1.527063293868265337, -1.015625000000000666 ) ) ;
#1262 = CARTESIAN_POINT ( 'NONE',  ( -1.332311706131739326, -4.880586422032604001E-15, -3.778185118395209319 ) ) ;
#1263 = EDGE_LOOP ( 'NONE', ( #2426, #585, #1275, #55 ) ) ;
#1264 = CARTESIAN_POINT ( 'NONE',  ( -1.017788105676658228, -0.5876202367904186374, -1.145833333333334147 ) ) ;
#1265 = ORIENTED_EDGE ( 'NONE', *, *, #1550, .F. ) ;
#1266 = DIRECTION ( 'NONE',  ( -0.8660254037844383745, -0.5000000000000003331, 0.000000000000000000 ) ) ;
#1267 = CARTESIAN_POINT ( 'NONE',  ( -1.017788105676658228, -0.5876202367904186374, -2.083333333333334370 ) ) ;
#1268 = CARTESIAN_POINT ( 'NONE',  ( 1.017788105676658450, 0.5876202367904181934, -3.895833333333333925 ) ) ;
#1269 = CARTESIAN_POINT ( 'NONE',  ( 0.5650321736351038293, -1.278470538701161452, -3.840589168775253359 ) ) ;
#1270 = ORIENTED_EDGE ( 'NONE', *, *, #1506, .F. ) ;
#1271 = CARTESIAN_POINT ( 'NONE',  ( 1.019391906485659360, 1.100665540287341981, -0.05795793563621387534 ) ) ;
#1272 = ADVANCED_FACE ( 'NONE', ( #2294 ), #1343, .F. ) ;
#1273 = CARTESIAN_POINT ( 'NONE',  ( -0.8816504037844403729, 1.527063293868264893, -0.9739583333333338144 ) ) ;
#1274 = CARTESIAN_POINT ( 'NONE',  ( -1.299038105676658894, 0.7499999999999991118, -0.9791666666666689611 ) ) ;
#1275 = ORIENTED_EDGE ( 'NONE', *, *, #986, .F. ) ;
#1276 = CARTESIAN_POINT ( 'NONE',  ( 0.000000000000000000, 1.175240473580836165, -3.750000000000001332 ) ) ;
#1277 = CARTESIAN_POINT ( 'NONE',  ( 0.9153858597116871776, 0.9791358657964240875, -0.2170921690920399882 ) ) ;
#1278 = CARTESIAN_POINT ( 'NONE',  ( 1.439254484199190365E-16, -1.175240473580836165, -3.000000000000000888 ) ) ;
#1279 = CARTESIAN_POINT ( 'NONE',  ( -1.357050807568877859, -2.492861891654335783E-16, -2.687500000000000888 ) ) ;
#1280 = CARTESIAN_POINT ( 'NONE',  ( 1.843520544858949561, -2.111069397712017626, 3.396389932267155838E-15 ) ) ;
#1281 = EDGE_LOOP ( 'NONE', ( #2236, #70, #2359, #1798 ) ) ;
#1282 = CARTESIAN_POINT ( 'NONE',  ( 1.439254484199190365E-16, -1.175240473580836165, -3.062500000000000888 ) ) ;
#1283 = FACE_OUTER_BOUND ( 'NONE', #2027, .T. ) ;
#1284 = ORIENTED_EDGE ( 'NONE', *, *, #2032, .F. ) ;
#1285 = CARTESIAN_POINT ( 'NONE',  ( 1.322475605676659560, -0.7635316469341323353, -0.6822916666666671848 ) ) ;
#1286 = EDGE_CURVE ( 'NONE', #2160, #81, #17, .T. ) ;
#1287 = EDGE_CURVE ( 'NONE', #1642, #1817, #769, .T. ) ;
#1288 = ORIENTED_EDGE ( 'NONE', *, *, #1068, .F. ) ;
#1289 = CARTESIAN_POINT ( 'NONE',  ( 1.017788105676658450, -0.5876202367904178603, -3.416666666666667851 ) ) ;
#1290 =( LENGTH_UNIT ( ) NAMED_UNIT ( * ) SI_UNIT ( .MILLI., .METRE. ) );
#1291 = CARTESIAN_POINT ( 'NONE',  ( 0.6785254037844392627, -1.175240473580835943, -1.958333333333334592 ) ) ;
#1292 = CARTESIAN_POINT ( 'NONE',  ( 0.6785254037844393737, -1.175240473580835721, -3.520833333333333925 ) ) ;
#1293 = VECTOR ( 'NONE', #19, 1000.000000000000000 ) ;
#1294 = ORIENTED_EDGE ( 'NONE', *, *, #2023, .T. ) ;
#1295 = CARTESIAN_POINT ( 'NONE',  ( -1.357050807568877859, -2.492861891654335783E-16, -3.187500000000000888 ) ) ;
#1296 = CARTESIAN_POINT ( 'NONE',  ( -0.08454432522263498340, 1.499999999999999778, -0.05843235925619055110 ) ) ;
#1297 = CC_DESIGN_APPROVAL ( #780, ( #884 ) ) ;
#1298 =( BOUNDED_CURVE ( )  B_SPLINE_CURVE ( 2, ( #771, #2340, #1353, #743, #2493, #2145, #2118, #595, #1160 ),
 .UNSPECIFIED., .F., .T. ) 
 B_SPLINE_CURVE_WITH_KNOTS ( ( 3, 2, 2, 2, 3 ),
 ( 0.8055555555555555802, 0.8148148148148148806, 0.8333333333333333703, 0.8518518518518518601, 0.8611111111111111605 ),
 .UNSPECIFIED. ) 
 CURVE ( )  GEOMETRIC_REPRESENTATION_ITEM ( )  RATIONAL_B_SPLINE_CURVE ( ( 0.9330127018922194093, 0.9330127018922194093, 1.000000000000000000, 0.8660254037844387076, 1.000000000000000000, 0.8660254037844387076, 1.000000000000000000, 0.9330127018922189652, 0.9330127018922194093 ) ) 
 REPRESENTATION_ITEM ( '' )  );
#1300 = ORIENTED_EDGE ( 'NONE', *, *, #1644, .T. ) ;
#1299 = AXIS2_PLACEMENT_3D ( 'NONE', #438, #817, #214 ) ;
#1301 = CARTESIAN_POINT ( 'NONE',  ( -1.322475605676660226, 0.7635316469341315582, -2.432291666666667407 ) ) ;
#1302 = CARTESIAN_POINT ( 'NONE',  ( -1.299038105676657784, -0.7500000000000007772, -1.395833333333335702 ) ) ;
#1303 = CARTESIAN_POINT ( 'NONE',  ( -1.500000000000000444, 6.681755220639873681E-16, -0.4375000000000026645 ) ) ;
#1304 = EDGE_CURVE ( 'NONE', #1054, #2429, #361, .T. ) ;
#1305 = CARTESIAN_POINT ( 'NONE',  ( -1.017788105676658228, -0.5876202367904186374, -3.083333333333334370 ) ) ;
#1306 = CARTESIAN_POINT ( 'NONE',  ( -1.357050807568877859, -2.492861891654335783E-16, -2.625000000000000888 ) ) ;
#1307 = CARTESIAN_POINT ( 'NONE',  ( -1.017788105676658894, 0.5876202367904171942, -3.729166666666667407 ) ) ;
#1308 = EDGE_LOOP ( 'NONE', ( #865, #2268, #294 ) ) ;
#1309 = FACE_OUTER_BOUND ( 'NONE', #1614, .T. ) ;
#1310 = DIRECTION ( 'NONE',  ( 1.000000000000000000, 0.000000000000000000, 0.000000000000000000 ) ) ;
#1311 = PRODUCT ( '93033A107_18-8 Stainless Steel Flange Nut', '93033A107_18-8 Stainless Steel Flange Nut', '', ( #100 ) ) ;
#1312 = CARTESIAN_POINT ( 'NONE',  ( 1.322475605676659560, 0.7635316469341330015, -0.1302083333333349247 ) ) ;
#1313 = CARTESIAN_POINT ( 'NONE',  ( -1.017788105676658894, 0.5876202367904171942, -0.7291666666666676289 ) ) ;
#1314 = EDGE_LOOP ( 'NONE', ( #1852, #1650, #1812, #2405, #261 ) ) ;
#1315 = CARTESIAN_POINT ( 'NONE',  ( 1.500000000000000444, -1.074891057233370936E-15, -1.125000000000000444 ) ) ;
#1316 = CARTESIAN_POINT ( 'NONE',  ( 0.8660254037844392627, -1.499999999999999778, -3.770833333333335258 ) ) ;
#1317 = CARTESIAN_POINT ( 'NONE',  ( 1.439254484199190365E-16, -1.175240473580836165, -4.000000000000000000 ) ) ;
#1318 = APPROVAL_DATE_TIME ( #1142, #780 ) ;
#1319 = CARTESIAN_POINT ( 'NONE',  ( 1.500000000000000222, 2.033577675846917841E-16, -1.624999999999999778 ) ) ;
#1320 = CARTESIAN_POINT ( 'NONE',  ( 1.357050807568877859, 8.309539638847786353E-17, -3.937500000000000888 ) ) ;
#1321 = CARTESIAN_POINT ( 'NONE',  ( -1.017788105676658894, 0.5876202367904171942, -2.229166666666667851 ) ) ;
#1322 = CYLINDRICAL_SURFACE ( 'NONE', #1574, 1.500000000000000222 ) ;
#1323 = ADVANCED_FACE ( 'NONE', ( #2227 ), #1476, .T. ) ;
#1324 = CARTESIAN_POINT ( 'NONE',  ( 1.763300807568879414, 1.079710344961585514E-16, -1.171875000000001554 ) ) ;
#1325 = ORIENTED_EDGE ( 'NONE', *, *, #2285, .F. ) ;
#1326 = CARTESIAN_POINT ( 'NONE',  ( 1.357050807568877859, 8.309539638847786353E-17, -0.9375000000000009992 ) ) ;
#1327 = CARTESIAN_POINT ( 'NONE',  ( 0.000000000000000000, 0.000000000000000000, -0.05412658773652966049 ) ) ;
#1328 = CARTESIAN_POINT ( 'NONE',  ( 0.6785254037844393737, -1.175240473580835721, 0.04166666666666560270 ) ) ;
#1329 = CARTESIAN_POINT ( 'NONE',  ( -2.749999999999999112, -1.587713240271470427, -3.000000000000000888 ) ) ;
#1330 = CARTESIAN_POINT ( 'NONE',  ( 0.000000000000000000, 1.175240473580836165, 0.2499999999999989175 ) ) ;
#1331 = CARTESIAN_POINT ( 'NONE',  ( 1.374999999999999334, 2.381569860407206640, 0.000000000000000000 ) ) ;
#1332 = CARTESIAN_POINT ( 'NONE',  ( 0.000000000000000000, 1.175240473580836165, -3.312500000000001332 ) ) ;
#1333 = CARTESIAN_POINT ( 'NONE',  ( -1.500000000000000222, 4.154308680658704075E-15, -3.437500000000003109 ) ) ;
#1334 = EDGE_CURVE ( 'NONE', #1386, #1377, #1611, .T. ) ;
#1335 = CONICAL_SURFACE ( 'NONE', #546, 2.750000000000000000, 1.047197551196600074 ) ;
#1336 = CARTESIAN_POINT ( 'NONE',  ( 0.000000000000000000, 1.527063293868265559, -0.04687500000000166533 ) ) ;
#1337 = AXIS2_PLACEMENT_3D ( 'NONE', #1253, #418, #1417 ) ;
#1338 = CARTESIAN_POINT ( 'NONE',  ( 1.500000000000000222, -8.715332896486791275E-17, -0.1249999999999998890 ) ) ;
#1339 = AXIS2_PLACEMENT_3D ( 'NONE', #1959, #20, #204 ) ;
#1340 = CARTESIAN_POINT ( 'NONE',  ( -0.6785254037844385966, -1.175240473580836165, -0.6041666666666675178 ) ) ;
#1341 = CARTESIAN_POINT ( 'NONE',  ( -0.4498622899576182332, -2.915698366337648118, -0.09566599640799267057 ) ) ;
#1342 = AXIS2_PLACEMENT_3D ( 'NONE', #2131, #1348, #1175 ) ;
#1343 = CYLINDRICAL_SURFACE ( 'NONE', #205, 1.500000000000000222 ) ;
#1344 = CARTESIAN_POINT ( 'NONE',  ( 0.6785254037844393737, -1.175240473580835721, -1.458333333333334370 ) ) ;
#1345 = DIRECTION ( 'NONE',  ( -1.000000000000000000, 0.000000000000000000, 0.000000000000000000 ) ) ;
#1346 = CARTESIAN_POINT ( 'NONE',  ( -0.6785254037844395958, 1.175240473580835721, -0.7083333333333342585 ) ) ;
#1347 = CARTESIAN_POINT ( 'NONE',  ( -1.500000000000000444, 1.801168798607270271E-15, -1.375000000000000222 ) ) ;
#1348 = DIRECTION ( 'NONE',  ( 0.000000000000000000, 0.000000000000000000, 1.000000000000000000 ) ) ;
#1349 = DIRECTION ( 'NONE',  ( 0.000000000000000000, 0.000000000000000000, 1.000000000000000000 ) ) ;
#1350 = CARTESIAN_POINT ( 'NONE',  ( 1.763300807568879414, 1.079710344961585514E-16, 0.3281249999999983902 ) ) ;
#1351 = DIRECTION ( 'NONE',  ( 0.000000000000000000, 0.000000000000000000, 1.000000000000000000 ) ) ;
#1352 = CARTESIAN_POINT ( 'NONE',  ( -1.299038105676657784, -0.7500000000000007772, -3.895833333333335702 ) ) ;
#1353 = CARTESIAN_POINT ( 'NONE',  ( -1.299038105676657784, -0.7500000000000007772, -0.3958333333333358128 ) ) ;
#1354 = CARTESIAN_POINT ( 'NONE',  ( -1.017788105676658228, -0.5876202367904186374, -1.083333333333334370 ) ) ;
#1355 = PERSON_AND_ORGANIZATION_ROLE ( 'creator' ) ;
#1356 = CARTESIAN_POINT ( 'NONE',  ( -0.6785254037844395958, 1.175240473580835721, -0.2083333333333343973 ) ) ;
#1357 = LINE ( 'NONE', #1709, #260 ) ;
#1358 = CARTESIAN_POINT ( 'NONE',  ( 0.9080088268910185834, -1.095041813299469480, -0.1429194853348108862 ) ) ;
#1359 = CARTESIAN_POINT ( 'NONE',  ( 1.147198938553255276, 0.2937782808528716649, -0.3788861141556932877 ) ) ;
#1360 = CARTESIAN_POINT ( 'NONE',  ( 1.322475605676659782, -0.7635316469341324463, -0.7135416666666681840 ) ) ;
#1361 = CARTESIAN_POINT ( 'NONE',  ( 0.000000000000000000, 0.000000000000000000, 0.000000000000000000 ) ) ;
#1362 = CARTESIAN_POINT ( 'NONE',  ( 1.292276266214877012, 0.3280194452647463010, -3.769002142606880046 ) ) ;
#1363 = EDGE_CURVE ( 'NONE', #1001, #1669, #1030, .T. ) ;
#1364 = CYLINDRICAL_SURFACE ( 'NONE', #1252, 1.500000000000000222 ) ;
#1365 = EDGE_CURVE ( 'NONE', #1713, #1777, #2047, .T. ) ;
#1366 = ADVANCED_FACE ( 'NONE', ( #1309 ), #416, .T. ) ;
#1367 = CARTESIAN_POINT ( 'NONE',  ( -1.500000000000000444, 1.772117688952314140E-15, -0.9375000000000024425 ) ) ;
#1368 = CARTESIAN_POINT ( 'NONE',  ( 0.000000000000000000, 1.175240473580836165, -4.312500000000000000 ) ) ;
#1369 = FACE_OUTER_BOUND ( 'NONE', #2365, .T. ) ;
#1370 = CARTESIAN_POINT ( 'NONE',  ( 1.836970198721030427E-16, -1.500000000000000222, -3.312500000000002665 ) ) ;
#1371 = CARTESIAN_POINT ( 'NONE',  ( 1.870113174931185594E-16, -1.527063293868265559, -2.296875000000001776 ) ) ;
#1372 = PERSON ( 'UNSPECIFIED', 'UNSPECIFIED', 'UNSPECIFIED', ('UNSPECIFIED'), ('UNSPECIFIED'), ('UNSPECIFIED') ) ;
#1373 = CARTESIAN_POINT ( 'NONE',  ( 0.6785254037844388186, 1.175240473580835943, -2.354166666666667407 ) ) ;
#1374 = CARTESIAN_POINT ( 'NONE',  ( -1.299038105676658894, 0.7499999999999991118, -2.916666666666666075 ) ) ;
#1375 = FACE_OUTER_BOUND ( 'NONE', #2060, .T. ) ;
#1376 = EDGE_CURVE ( 'NONE', #1095, #2465, #1105, .T. ) ;
#1377 = VERTEX_POINT ( 'NONE', #118 ) ;
#1378 = CARTESIAN_POINT ( 'NONE',  ( 1.500000000000000222, -0.4019237886466838772, -0.7098290993692626394 ) ) ;
#1379 = CARTESIAN_POINT ( 'NONE',  ( 1.500000000000001332, 0.4019237886466820453, -2.602670900630739137 ) ) ;
#1380 = CARTESIAN_POINT ( 'NONE',  ( -0.8660254037844381525, -1.500000000000000666, -0.7916666666666666297 ) ) ;
#1381 = CARTESIAN_POINT ( 'NONE',  ( 0.9628146620581128357, 0.6897603879441127628, -0.3788861141560117551 ) ) ;
#1382 = CARTESIAN_POINT ( 'NONE',  ( -1.322475605676660226, 0.7635316469341316692, -2.963541666666668295 ) ) ;
#1383 = CARTESIAN_POINT ( 'NONE',  ( 0.6785254037844393737, -1.175240473580835721, -2.520833333333334370 ) ) ;
#1384 = CARTESIAN_POINT ( 'NONE',  ( -0.7103146052718954939, 1.012842704243738678, -3.671763207849441990 ) ) ;
#1385 = CARTESIAN_POINT ( 'NONE',  ( 1.439254484199190365E-16, -1.175240473580836165, -3.000000000000000888 ) ) ;
#1386 = VERTEX_POINT ( 'NONE', #907 ) ;
#1387 = CARTESIAN_POINT ( 'NONE',  ( 1.836970198721030181E-16, -1.500000000000000222, -3.249999999999999556 ) ) ;
#1388 =( BOUNDED_SURFACE ( )  B_SPLINE_SURFACE ( 1, 2, ( 
 ( #328, #1159, #168, #2126, #339, #1715, #927, #952, #741, #2506, #2292, #378, #965, #1924, #122, #547, #1705, #1727, #1913, #1340, #2492, #1741, #754, #1539, #2306, #562, #914, #1326, #2456, #1125, #1692, #2270, #534, #719, #2280, #1502, #731, #1513, #1966, #27, #816, #1757, #213, #397, #1610, #976, #2324, #805, #198, #1179, #1409, #1766, #1189, #1749, #426, #1596, #987, #1010, #2378, #594, #1199, #1373, #2156, #2170, #637, #1383, #580, #409, #1571, #1424, #1943, #2185, #187, #1780, #437, #1981, #2362, #617, #606, #2516, #1954, #1934, #1216, #228, #1024, #1794, #41, #2349, #2339, #996, #2144, #13, #1583, #1396, #831, #179, #781, #1560, #2135, #387, #1, #792, #2050, #1096, #92, #451, #2253, #706, #299 ),
 ( #243, #652, #1863, #1438, #2241, #1039, #110, #1996, #66, #844, #499, #900, #286, #2445, #258, #1679, #1285, #1808, #1080, #53, #1231, #2211, #1489, #1273, #1261, #1627, #2392, #2199, #2038, #273, #1245, #2010, #486, #1052, #1820, #78, #855, #1640, #2403, #664, #1452, #2024, #869, #1467, #1847, #1653, #1479, #470, #2417, #1066, #1833, #678, #886, #2229, #1667, #2430, #692, #312, #1301, #1873, #2065, #511, #1108, #2184, #1819, #690, #829, #2428, #2375, #242, #1244, #64, #663, #465, #854, #676, #1995, #1038, #2036, #2022, #1451, #2391, #255, #1465, #1050, #2402, #1259, #2210, #1064, #1625, #227, #633, #1980, #40, #843, #882, #51, #271, #651, #1437, #1832, #77, #867, #1806, #1652, #2198, #89, #1023, #1608 ) ),
 .UNSPECIFIED., .F., .F., .T. ) 
 B_SPLINE_SURFACE_WITH_KNOTS ( ( 2, 2 ),
 ( 3, 2, 2, 2, 2, 2, 2, 2, 2, 2, 2, 2, 2, 2, 2, 2, 2, 2, 2, 2, 2, 2, 2, 2, 2, 2, 2, 2, 2, 2, 2, 2, 2, 2, 2, 2, 2, 2, 2, 2, 2, 2, 2, 2, 2, 2, 2, 2, 2, 2, 2, 2, 2, 2, 3 ),
 ( 0.000000000000000000, 1.000000000000000000 ),
 ( 0.000000000000000000, 0.01851851851851851749, 0.03703703703703703498, 0.05555555555555555247, 0.07407407407407406996, 0.09259259259259258745, 0.1111111111111111049, 0.1296296296296296224, 0.1481481481481481399, 0.1666666666666666574, 0.1851851851851851749, 0.2037037037037036924, 0.2222222222222222099, 0.2407407407407407274, 0.2592592592592592449, 0.2777777777777777901, 0.2962962962962962798, 0.3148148148148148251, 0.3333333333333333148, 0.3518518518518518601, 0.3703703703703703498, 0.3888888888888888951, 0.4074074074074073848, 0.4259259259259259300, 0.4444444444444444198, 0.4629629629629629650, 0.4814814814814814548, 0.5000000000000000000, 0.5185185185185184897, 0.5370370370370370905, 0.5555555555555555802, 0.5740740740740740700, 0.5925925925925925597, 0.6111111111111111605, 0.6296296296296296502, 0.6481481481481481399, 0.6666666666666666297, 0.6851851851851852304, 0.7037037037037037202, 0.7222222222222222099, 0.7407407407407406996, 0.7592592592592593004, 0.7777777777777777901, 0.7962962962962962798, 0.8148148148148147696, 0.8333333333333333703, 0.8518518518518518601, 0.8703703703703703498, 0.8888888888888888395, 0.9074074074074074403, 0.9259259259259259300, 0.9444444444444444198, 0.9629629629629629095, 0.9814814814814815103, 1.000000000000000000 ),
 .UNSPECIFIED. ) 
 GEOMETRIC_REPRESENTATION_ITEM ( )  RATIONAL_B_SPLINE_SURFACE ( (
 ( 1.000000000000000000, 0.8660254037844387076, 1.000000000000000000, 0.8660254037844387076, 1.000000000000000000, 0.8660254037844387076, 1.000000000000000000, 0.8660254037844387076, 1.000000000000000000, 0.8660254037844387076, 1.000000000000000000, 0.8660254037844387076, 1.000000000000000000, 0.8660254037844387076, 1.000000000000000000, 0.8660254037844387076, 1.000000000000000000, 0.8660254037844387076, 1.000000000000000000, 0.8660254037844387076, 1.000000000000000000, 0.8660254037844387076, 1.000000000000000000, 0.8660254037844387076, 1.000000000000000000, 0.8660254037844387076, 1.000000000000000000, 0.8660254037844387076, 1.000000000000000000, 0.8660254037844387076, 1.000000000000000000, 0.8660254037844387076, 1.000000000000000000, 0.8660254037844387076, 1.000000000000000000, 0.8660254037844387076, 1.000000000000000000, 0.8660254037844387076, 1.000000000000000000, 0.8660254037844387076, 1.000000000000000000, 0.8660254037844387076, 1.000000000000000000, 0.8660254037844387076, 1.000000000000000000, 0.8660254037844387076, 1.000000000000000000, 0.8660254037844387076, 1.000000000000000000, 0.8660254037844387076, 1.000000000000000000, 0.8660254037844387076, 1.000000000000000000, 0.8660254037844387076, 1.000000000000000000, 0.8660254037844387076, 1.000000000000000000, 0.8660254037844387076, 1.000000000000000000, 0.8660254037844387076, 1.000000000000000000, 0.8660254037844387076, 1.000000000000000000, 0.8660254037844387076, 1.000000000000000000, 0.8660254037844387076, 1.000000000000000000, 0.8660254037844387076, 1.000000000000000000, 0.8660254037844387076, 1.000000000000000000, 0.8660254037844387076, 1.000000000000000000, 0.8660254037844387076, 1.000000000000000000, 0.8660254037844387076, 1.000000000000000000, 0.8660254037844387076, 1.000000000000000000, 0.8660254037844387076, 1.000000000000000000, 0.8660254037844387076, 1.000000000000000000, 0.8660254037844387076, 1.000000000000000000, 0.8660254037844387076, 1.000000000000000000, 0.8660254037844387076, 1.000000000000000000, 0.8660254037844387076, 1.000000000000000000, 0.8660254037844387076, 1.000000000000000000, 0.8660254037844387076, 1.000000000000000000, 0.8660254037844387076, 1.000000000000000000, 0.8660254037844387076, 1.000000000000000000, 0.8660254037844387076, 1.000000000000000000, 0.8660254037844387076, 1.000000000000000000, 0.8660254037844387076, 1.000000000000000000, 0.8660254037844387076, 1.000000000000000000, 0.8660254037844387076, 1.000000000000000000),
 ( 1.000000000000000000, 0.8660254037844387076, 1.000000000000000000, 0.8660254037844387076, 1.000000000000000000, 0.8660254037844387076, 1.000000000000000000, 0.8660254037844387076, 1.000000000000000000, 0.8660254037844387076, 1.000000000000000000, 0.8660254037844387076, 1.000000000000000000, 0.8660254037844387076, 1.000000000000000000, 0.8660254037844387076, 1.000000000000000000, 0.8660254037844387076, 1.000000000000000000, 0.8660254037844387076, 1.000000000000000000, 0.8660254037844387076, 1.000000000000000000, 0.8660254037844387076, 1.000000000000000000, 0.8660254037844387076, 1.000000000000000000, 0.8660254037844387076, 1.000000000000000000, 0.8660254037844387076, 1.000000000000000000, 0.8660254037844387076, 1.000000000000000000, 0.8660254037844387076, 1.000000000000000000, 0.8660254037844387076, 1.000000000000000000, 0.8660254037844387076, 1.000000000000000000, 0.8660254037844387076, 1.000000000000000000, 0.8660254037844387076, 1.000000000000000000, 0.8660254037844387076, 1.000000000000000000, 0.8660254037844387076, 1.000000000000000000, 0.8660254037844387076, 1.000000000000000000, 0.8660254037844387076, 1.000000000000000000, 0.8660254037844387076, 1.000000000000000000, 0.8660254037844387076, 1.000000000000000000, 0.8660254037844387076, 1.000000000000000000, 0.8660254037844387076, 1.000000000000000000, 0.8660254037844387076, 1.000000000000000000, 0.8660254037844387076, 1.000000000000000000, 0.8660254037844387076, 1.000000000000000000, 0.8660254037844387076, 1.000000000000000000, 0.8660254037844387076, 1.000000000000000000, 0.8660254037844387076, 1.000000000000000000, 0.8660254037844387076, 1.000000000000000000, 0.8660254037844387076, 1.000000000000000000, 0.8660254037844387076, 1.000000000000000000, 0.8660254037844387076, 1.000000000000000000, 0.8660254037844387076, 1.000000000000000000, 0.8660254037844387076, 1.000000000000000000, 0.8660254037844387076, 1.000000000000000000, 0.8660254037844387076, 1.000000000000000000, 0.8660254037844387076, 1.000000000000000000, 0.8660254037844387076, 1.000000000000000000, 0.8660254037844387076, 1.000000000000000000, 0.8660254037844387076, 1.000000000000000000, 0.8660254037844387076, 1.000000000000000000, 0.8660254037844387076, 1.000000000000000000, 0.8660254037844387076, 1.000000000000000000, 0.8660254037844387076, 1.000000000000000000, 0.8660254037844387076, 1.000000000000000000, 0.8660254037844387076, 1.000000000000000000, 0.8660254037844387076, 1.000000000000000000) ) ) 
 REPRESENTATION_ITEM ( '' )  SURFACE ( )  );
#1389 = LINE ( 'NONE', #645, #1499 ) ;
#1390 = CARTESIAN_POINT ( 'NONE',  ( -0.2950462090697024697, -1.336135073112303395, -0.1887503182012177094 ) ) ;
#1391 = CYLINDRICAL_SURFACE ( 'NONE', #928, 1.500000000000000222 ) ;
#1392 = DIRECTION ( 'NONE',  ( 0.000000000000000000, 0.000000000000000000, 1.000000000000000000 ) ) ;
#1393 = CARTESIAN_POINT ( 'NONE',  ( 1.763300807568879414, 1.079710344961585514E-16, -3.671875000000002220 ) ) ;
#1394 = ORIENTED_EDGE ( 'NONE', *, *, #2486, .F. ) ;
#1395 = EDGE_CURVE ( 'NONE', #2046, #1782, #782, .T. ) ;
#1396 = CARTESIAN_POINT ( 'NONE',  ( -1.357050807568877859, -2.492861891654335783E-16, -3.687500000000001332 ) ) ;
#1397 = CARTESIAN_POINT ( 'NONE',  ( -1.500000000000000444, 0.4019237886466834331, -2.959829099369263083 ) ) ;
#1398 = ORIENTED_EDGE ( 'NONE', *, *, #859, .T. ) ;
#1399 = CARTESIAN_POINT ( 'NONE',  ( 1.017788105676658450, -0.5876202367904178603, -2.916666666666667851 ) ) ;
#1400 = ORIENTED_EDGE ( 'NONE', *, *, #116, .F. ) ;
#1401 = DIRECTION ( 'NONE',  ( -1.000000000000000000, 0.000000000000000000, 0.000000000000000000 ) ) ;
#1402 = FACE_OUTER_BOUND ( 'NONE', #2181, .T. ) ;
#1403 = CARTESIAN_POINT ( 'NONE',  ( -0.8660254037844395958, 1.499999999999999778, -3.458333333333332593 ) ) ;
#1404 = LINE ( 'NONE', #1875, #2423 ) ;
#1405 = CARTESIAN_POINT ( 'NONE',  ( -0.8660254037844395958, 1.499999999999999778, -1.958333333333333259 ) ) ;
#1406 = CARTESIAN_POINT ( 'NONE',  ( -1.322475605676659338, -0.7635316469341334455, -3.880208333333334814 ) ) ;
#1407 = VERTEX_POINT ( 'NONE', #812 ) ;
#1408 = ADVANCED_FACE ( 'NONE', ( #1369 ), #184, .F. ) ;
#1409 = CARTESIAN_POINT ( 'NONE',  ( 1.017788105676658450, 0.5876202367904181934, -1.895833333333334370 ) ) ;
#1410 = CARTESIAN_POINT ( 'NONE',  ( 1.500000000000000222, -4.561024215828087150E-15, -3.187500000000002220 ) ) ;
#1411 = CONICAL_SURFACE ( 'NONE', #635, 1.554126587736530007, 0.7853981633974500554 ) ;
#1412 = EDGE_LOOP ( 'NONE', ( #31, #308, #1964, #43, #1082 ) ) ;
#1413 = CARTESIAN_POINT ( 'NONE',  ( -0.6785254037844395958, 1.175240473580835721, -3.208333333333333925 ) ) ;
#1414 = ORIENTED_EDGE ( 'NONE', *, *, #1363, .F. ) ;
#1415 = CARTESIAN_POINT ( 'NONE',  ( 1.160638689099596776, -0.3401957684110324398, -0.3991224226061657609 ) ) ;
#1416 = CARTESIAN_POINT ( 'NONE',  ( -1.173961897284920175, -0.05480542368870736092, -3.621113885844308378 ) ) ;
#1417 = DIRECTION ( 'NONE',  ( 1.000000000000000000, 0.000000000000000000, 0.000000000000000000 ) ) ;
#1418 = CARTESIAN_POINT ( 'NONE',  ( 1.500000000000000222, 0.000000000000000000, -3.000000000000000888 ) ) ;
#1419 = AXIS2_PLACEMENT_3D ( 'NONE', #119, #1497, #714 ) ;
#1420 = ORIENTED_EDGE ( 'NONE', *, *, #1446, .F. ) ;
#1421 = CARTESIAN_POINT ( 'NONE',  ( -1.017788105676658228, -0.5876202367904186374, -1.145833333333334147 ) ) ;
#1422 = DIRECTION ( 'NONE',  ( -1.000000000000000000, 0.000000000000000000, 0.000000000000000000 ) ) ;
#1423 =( BOUNDED_CURVE ( )  B_SPLINE_CURVE ( 2, ( #300, #2254, #1302, #1739, #1149, #365, #1912, #1134, #2505 ),
 .UNSPECIFIED., .F., .T. ) 
 B_SPLINE_CURVE_WITH_KNOTS ( ( 3, 2, 2, 2, 3 ),
 ( 0.5833333333333332593, 0.5925925925925925597, 0.6111111111111111605, 0.6296296296296296502, 0.6388888888888888395 ),
 .UNSPECIFIED. ) 
 CURVE ( )  GEOMETRIC_REPRESENTATION_ITEM ( )  RATIONAL_B_SPLINE_CURVE ( ( 0.9330127018922194093, 0.9330127018922189652, 1.000000000000000000, 0.8660254037844387076, 1.000000000000000000, 0.8660254037844387076, 1.000000000000000000, 0.9330127018922197424, 0.9330127018922194093 ) ) 
 REPRESENTATION_ITEM ( '' )  );
#1424 = CARTESIAN_POINT ( 'NONE',  ( -1.357050807568877859, -2.492861891654335783E-16, -2.687500000000000888 ) ) ;
#1425 = DIRECTION ( 'NONE',  ( 1.000000000000000000, 0.000000000000000000, 0.000000000000000000 ) ) ;
#1426 = APPROVAL ( #903, 'UNSPECIFIED' ) ;
#1427 = ORIENTED_EDGE ( 'NONE', *, *, #2488, .F. ) ;
#1428 = CARTESIAN_POINT ( 'NONE',  ( 1.357050807568877859, 8.309539638847786353E-17, -2.875000000000000444 ) ) ;
#1429 = VERTEX_POINT ( 'NONE', #22 ) ;
#1430 = CARTESIAN_POINT ( 'NONE',  ( 0.7203460218466375409, 1.189930388885005463, -0.1761122174390869211 ) ) ;
#1431 = CARTESIAN_POINT ( 'NONE',  ( 0.000000000000000000, 1.175240473580836165, -0.7500000000000011102 ) ) ;
#1432 = CARTESIAN_POINT ( 'NONE',  ( 1.554126587736530007, 0.000000000000000000, 0.000000000000000000 ) ) ;
#1433 = CARTESIAN_POINT ( 'NONE',  ( -2.749999999999999112, 1.330935338195098572, -0.1714946976189908323 ) ) ;
#1434 = CARTESIAN_POINT ( 'NONE',  ( -1.104473860553783382, -0.5734523889299731891, -3.687231744932208954 ) ) ;
#1435 = ORIENTED_EDGE ( 'NONE', *, *, #1363, .T. ) ;
#1436 = CARTESIAN_POINT ( 'NONE',  ( 1.439254484199190365E-16, -1.175240473580836165, -0.5625000000000009992 ) ) ;
#1437 = CARTESIAN_POINT ( 'NONE',  ( 1.763300807568878970, 1.079710344961585514E-16, -4.140625000000000888 ) ) ;
#1438 = CARTESIAN_POINT ( 'NONE',  ( 1.763300807568878970, 1.079710344961585514E-16, -0.1406250000000006106 ) ) ;
#1439 = CARTESIAN_POINT ( 'NONE',  ( -2.749999999999999112, 1.587713240271468873, -0.2456200930618602507 ) ) ;
#1440 = ORIENTED_EDGE ( 'NONE', *, *, #974, .T. ) ;
#1441 = CARTESIAN_POINT ( 'NONE',  ( 0.6785254037844393737, -1.175240473580835721, -0.02083333333333434872 ) ) ;
#1442 = EDGE_CURVE ( 'NONE', #2278, #442, #362, .T. ) ;
#1443 = EDGE_LOOP ( 'NONE', ( #2381, #665 ) ) ;
#1444 = CARTESIAN_POINT ( 'NONE',  ( 1.499999999999998890, -0.4019237886466860976, -2.709829099369262639 ) ) ;
#1445 = DIRECTION ( 'NONE',  ( 0.000000000000000000, 0.000000000000000000, 1.000000000000000000 ) ) ;
#1446 = EDGE_CURVE ( 'NONE', #2433, #29, #2175, .T. ) ;
#1447 = CARTESIAN_POINT ( 'NONE',  ( 0.8660254037844384856, 1.500000000000000000, -0.6041666666666690721 ) ) ;
#1448 = VERTEX_POINT ( 'NONE', #2111 ) ;
#1449 = EDGE_LOOP ( 'NONE', ( #1219, #2177, #937 ) ) ;
#1450 = CARTESIAN_POINT ( 'NONE',  ( 1.228249721768597480, 0.8419550524227259469, -0.06908342535228176318 ) ) ;
#1451 = CARTESIAN_POINT ( 'NONE',  ( -1.322475605676659116, -0.7635316469341333345, -3.348958333333333481 ) ) ;
#1452 = CARTESIAN_POINT ( 'NONE',  ( 1.322475605676659560, -0.7635316469341323353, -1.682291666666667185 ) ) ;
#1453 = CARTESIAN_POINT ( 'NONE',  ( -0.8660254037844395958, 1.499999999999999778, -3.020833333333335702 ) ) ;
#1454 = ORIENTED_EDGE ( 'NONE', *, *, #2072, .T. ) ;
#1455 = CARTESIAN_POINT ( 'NONE',  ( -1.357050807568877859, -2.492861891654335783E-16, -0.6875000000000009992 ) ) ;
#1456 = ORIENTED_EDGE ( 'NONE', *, *, #543, .F. ) ;
#1457 = CARTESIAN_POINT ( 'NONE',  ( 0.6785254037844393737, -1.175240473580835721, -2.958333333333334370 ) ) ;
#1458 = CARTESIAN_POINT ( 'NONE',  ( -1.017788105676658894, 0.5876202367904171942, -1.666666666666667629 ) ) ;
#1459 = CARTESIAN_POINT ( 'NONE',  ( 1.017788105676658450, 0.5876202367904181934, -2.395833333333334370 ) ) ;
#1460 = CARTESIAN_POINT ( 'NONE',  ( 0.000000000000000000, 0.000000000000000000, 0.000000000000000000 ) ) ;
#1461 = ADVANCED_FACE ( 'NONE', ( #1920 ), #1940, .T. ) ;
#1462 = CARTESIAN_POINT ( 'NONE',  ( -1.488090343337612476, -0.1867578944271039987, -3.933963755601084689 ) ) ;
#1463 = VERTEX_POINT ( 'NONE', #601 ) ;
#1464 = CARTESIAN_POINT ( 'NONE',  ( -1.494691469341320023, -6.391244124090311383E-16, -3.940564881604793346 ) ) ;
#1465 = CARTESIAN_POINT ( 'NONE',  ( -0.8816504037844403729, 1.527063293868264893, -3.473958333333333481 ) ) ;
#1466 = CONICAL_SURFACE ( 'NONE', #680, 1.554126587736530007, 0.7853981633974500554 ) ;
#1467 = CARTESIAN_POINT ( 'NONE',  ( -0.8816504037844390407, -1.527063293868266003, -1.807291666666667185 ) ) ;
#1468 = CARTESIAN_POINT ( 'NONE',  ( 1.299038105676658228, 0.7500000000000003331, -1.145833333333335924 ) ) ;
#1469 = VERTEX_POINT ( 'NONE', #2142 ) ;
#1470 = CARTESIAN_POINT ( 'NONE',  ( 0.000000000000000000, 1.175240473580836165, -3.250000000000001332 ) ) ;
#1471 = CARTESIAN_POINT ( 'NONE',  ( -1.500000000000000222, -6.100733027540754016E-16, -2.937500000000002220 ) ) ;
#1472 = CARTESIAN_POINT ( 'NONE',  ( 0.000000000000000000, 1.175240473580836165, -2.250000000000001332 ) ) ;
#1473 = CARTESIAN_POINT ( 'NONE',  ( 1.017788105676658450, -0.5876202367904178603, -1.479166666666667629 ) ) ;
#1474 = CARTESIAN_POINT ( 'NONE',  ( -0.9972670479226278806, -1.062076093521037157, -3.899826942931027052 ) ) ;
#1475 = ORIENTED_EDGE ( 'NONE', *, *, #2087, .T. ) ;
#1476 = PLANE ( 'NONE',  #803 ) ;
#1477 = CARTESIAN_POINT ( 'NONE',  ( -1.500000000000001110, -0.4019237886466823784, -2.415170900630742690 ) ) ;
#1478 = EDGE_CURVE ( 'NONE', #2439, #276, #1567, .T. ) ;
#1479 = CARTESIAN_POINT ( 'NONE',  ( -1.322475605676660226, 0.7635316469341315582, -1.932291666666667185 ) ) ;
#1480 = ORIENTED_EDGE ( 'NONE', *, *, #1177, .T. ) ;
#1481 = CARTESIAN_POINT ( 'NONE',  ( -0.6785254037844385966, -1.175240473580836165, -3.041666666666667851 ) ) ;
#1482 = CARTESIAN_POINT ( 'NONE',  ( 1.357050807568877859, 8.309539638847786353E-17, -1.375000000000001110 ) ) ;
#1483 = CARTESIAN_POINT ( 'NONE',  ( 1.017788105676658450, -0.5876202367904178603, -2.479166666666667851 ) ) ;
#1484 = VERTEX_POINT ( 'NONE', #2321 ) ;
#1485 = CARTESIAN_POINT ( 'NONE',  ( 1.017788105676658450, 0.5876202367904181934, -2.395833333333334370 ) ) ;
#1486 = CARTESIAN_POINT ( 'NONE',  ( 1.500000000000000222, 0.000000000000000000, -3.000000000000000888 ) ) ;
#1487 = EDGE_CURVE ( 'NONE', #841, #1049, #1113, .T. ) ;
#1488 = ORIENTED_EDGE ( 'NONE', *, *, #301, .F. ) ;
#1489 = CARTESIAN_POINT ( 'NONE',  ( -1.322475605676660226, 0.7635316469341315582, -0.9322916666666671848 ) ) ;
#1490 = CARTESIAN_POINT ( 'NONE',  ( -1.299038105676658894, 0.7499999999999991118, -2.479166666666669183 ) ) ;
#1491 = CARTESIAN_POINT ( 'NONE',  ( -0.6785254037844395958, 1.175240473580835721, -3.208333333333333925 ) ) ;
#1492 = CARTESIAN_POINT ( 'NONE',  ( 0.6785254037844392627, -1.175240473580835943, -2.458333333333333925 ) ) ;
#1493 = CARTESIAN_POINT ( 'NONE',  ( -1.017788105676658228, -0.5876202367904186374, -3.645833333333334370 ) ) ;
#1494 = LOCAL_TIME ( 15, 44, 7.000000000000000000, #930 ) ;
#1495 = ORIENTED_EDGE ( 'NONE', *, *, #1518, .T. ) ;
#1496 = CARTESIAN_POINT ( 'NONE',  ( -1.017788105676658894, 0.5876202367904171942, -2.729166666666667407 ) ) ;
#1497 = DIRECTION ( 'NONE',  ( -0.000000000000000000, -0.000000000000000000, -1.000000000000000000 ) ) ;
#1498 = CARTESIAN_POINT ( 'NONE',  ( 1.357050807568877859, 8.309539638847786353E-17, -1.437500000000000888 ) ) ;
#1500 = EDGE_LOOP ( 'NONE', ( #1394, #1899, #297, #797 ) ) ;
#1499 = VECTOR ( 'NONE', #2354, 1000.000000000000000 ) ;
#1501 = CARTESIAN_POINT ( 'NONE',  ( 1.299038105676658228, 0.7500000000000003331, -2.645833333333336146 ) ) ;
#1502 = CARTESIAN_POINT ( 'NONE',  ( -0.6785254037844395958, 1.175240473580835721, -1.270833333333334370 ) ) ;
#1503 = CARTESIAN_POINT ( 'NONE',  ( 0.000000000000000000, 1.175240473580836165, -2.250000000000001332 ) ) ;
#1504 = CARTESIAN_POINT ( 'NONE',  ( 1.357050807568877859, 8.309539638847786353E-17, -2.875000000000000888 ) ) ;
#1505 = CARTESIAN_POINT ( 'NONE',  ( -1.017788105676658894, 0.5876202367904171942, -2.729166666666667407 ) ) ;
#1506 = EDGE_CURVE ( 'NONE', #1377, #1070, #889, .T. ) ;
#1507 = CARTESIAN_POINT ( 'NONE',  ( 1.017788105676658450, -0.5876202367904178603, -1.979166666666667629 ) ) ;
#1508 = DIRECTION ( 'NONE',  ( 1.000000000000000000, 0.000000000000000000, 0.000000000000000000 ) ) ;
#1509 = CARTESIAN_POINT ( 'NONE',  ( -0.8816504037844391517, -1.527063293868266225, -0.8385416666666682950 ) ) ;
#1510 = CARTESIAN_POINT ( 'NONE',  ( 0.6785254037844388186, 1.175240473580835943, -0.8541666666666677399 ) ) ;
#1511 = EDGE_LOOP ( 'NONE', ( #1675, #1606, #2226, #1796 ) ) ;
#1512 = CARTESIAN_POINT ( 'NONE',  ( -1.299038105676658006, -0.7500000000000006661, -1.333333333333333037 ) ) ;
#1513 = CARTESIAN_POINT ( 'NONE',  ( 0.6785254037844388186, 1.175240473580835943, -1.354166666666667629 ) ) ;
#1514 = CARTESIAN_POINT ( 'NONE',  ( -0.4335540256834039541, -1.375511885061223349, -3.876231070077949425 ) ) ;
#1515 = CARTESIAN_POINT ( 'NONE',  ( 0.000000000000000000, 1.175240473580836165, 0.2499999999999989175 ) ) ;
#1516 = CARTESIAN_POINT ( 'NONE',  ( 1.500000000000000444, -1.074891057233370936E-15, -1.125000000000000444 ) ) ;
#1517 = CARTESIAN_POINT ( 'NONE',  ( -0.6785254037844385966, -1.175240473580836165, -1.041666666666667629 ) ) ;
#1518 = EDGE_CURVE ( 'NONE', #29, #2433, #1970, .T. ) ;
#1519 = CARTESIAN_POINT ( 'NONE',  ( 1.500000000000000222, 0.4019237886466843213, -1.602670900630739581 ) ) ;
#1520 = CARTESIAN_POINT ( 'NONE',  ( -0.6785254037844395958, 1.175240473580835499, -2.770833333333333925 ) ) ;
#1521 = DIRECTION ( 'NONE',  ( 0.000000000000000000, 0.000000000000000000, 1.000000000000000000 ) ) ;
#1522 = CARTESIAN_POINT ( 'NONE',  ( -0.8816504037844391517, -1.527063293868266225, -1.338541666666668295 ) ) ;
#1523 = CARTESIAN_POINT ( 'NONE',  ( -1.299038105676658006, -0.7500000000000006661, -2.333333333333332593 ) ) ;
#1524 = CARTESIAN_POINT ( 'NONE',  ( -0.8660254037844395958, 1.499999999999999778, -0.4583333333333332038 ) ) ;
#1525 = CARTESIAN_POINT ( 'NONE',  ( -2.750000000000000000, 0.000000000000000000, 0.000000000000000000 ) ) ;
#1526 = CARTESIAN_POINT ( 'NONE',  ( -0.5713127296670946764, 1.105040233025277985, -3.678921742752108148 ) ) ;
#1527 = CARTESIAN_POINT ( 'NONE',  ( -0.6785254037844385966, -1.175240473580836165, -1.041666666666667629 ) ) ;
#1528 = APPROVAL_ROLE ( '' ) ;
#1529 = CARTESIAN_POINT ( 'NONE',  ( -1.299038105676658894, 0.7499999999999991118, -3.916666666666666519 ) ) ;
#1530 = DIRECTION ( 'NONE',  ( 0.000000000000000000, 0.000000000000000000, 1.000000000000000000 ) ) ;
#1531 = CARTESIAN_POINT ( 'NONE',  ( 1.500000000000000222, -4.561024215828087150E-15, -3.625000000000000000 ) ) ;
#1532 = CARTESIAN_POINT ( 'NONE',  ( -0.7823246726631173376, -0.8770166915668523577, -3.621113885846622082 ) ) ;
#1533 = CARTESIAN_POINT ( 'NONE',  ( -2.749999999999999112, -1.587713240271470427, -3.000000000000000888 ) ) ;
#1534 = EDGE_CURVE ( 'NONE', #502, #494, #1974, .T. ) ;
#1535 = AXIS2_PLACEMENT_3D ( 'NONE', #180, #1180, #1944 ) ;
#1536 = CARTESIAN_POINT ( 'NONE',  ( 1.763300807568879414, 1.079710344961585514E-16, -1.671875000000001332 ) ) ;
#1537 = CIRCLE ( 'NONE', #584, 2.750000000000000000 ) ;
#1538 = CARTESIAN_POINT ( 'NONE',  ( 1.500000000000000222, -0.4019237886466838772, -2.147329099369259531 ) ) ;
#1539 = CARTESIAN_POINT ( 'NONE',  ( -0.6785254037844395958, 1.175240473580835721, -0.7708333333333343695 ) ) ;
#1540 = VECTOR ( 'NONE', #1801, 1000.000000000000000 ) ;
#1541 = CARTESIAN_POINT ( 'NONE',  ( -1.066700944580959876, 0.5608809116368068670, -3.648231654150140724 ) ) ;
#1542 = CARTESIAN_POINT ( 'NONE',  ( -0.6785254037844395958, 1.175240473580835721, -0.7083333333333342585 ) ) ;
#1543 = PERSON_AND_ORGANIZATION ( #1372, #467 ) ;
#1544 = CARTESIAN_POINT ( 'NONE',  ( -1.357050807568877859, -2.492861891654335783E-16, -0.6250000000000009992 ) ) ;
#1545 = CARTESIAN_POINT ( 'NONE',  ( -1.500000000000000222, 4.183359790313659220E-15, -3.874999999999999556 ) ) ;
#1546 = CARTESIAN_POINT ( 'NONE',  ( 1.265457609052313082, -0.6889583451998469998, -0.1244921158594561456 ) ) ;
#1547 = CARTESIAN_POINT ( 'NONE',  ( -1.554126587736530007, 1.903256151141339775E-16, 0.000000000000000000 ) ) ;
#1548 = CARTESIAN_POINT ( 'NONE',  ( -0.8816504037844391517, -1.527063293868266225, 0.1614583333333317050 ) ) ;
#1549 = EDGE_CURVE ( 'NONE', #1957, #2429, #1990, .T. ) ;
#1550 = EDGE_CURVE ( 'NONE', #728, #494, #351, .T. ) ;
#1551 = CARTESIAN_POINT ( 'NONE',  ( -1.500000000000000444, 6.972266317189433020E-16, -0.3749999999999999445 ) ) ;
#1552 = CARTESIAN_POINT ( 'NONE',  ( 1.336197820288328897, -2.273104074952029994E-11, -3.782071232551800222 ) ) ;
#1553 = CARTESIAN_POINT ( 'NONE',  ( -1.017788105676658894, 0.5876202367904171942, -0.1666666666666677121 ) ) ;
#1554 = CARTESIAN_POINT ( 'NONE',  ( 0.000000000000000000, 1.175240473580836165, -0.7500000000000011102 ) ) ;
#1555 = CARTESIAN_POINT ( 'NONE',  ( 0.000000000000000000, 0.000000000000000000, -4.000000000000000888 ) ) ;
#1556 = CARTESIAN_POINT ( 'NONE',  ( -0.8660254037844395958, 1.499999999999999778, -2.458333333333333037 ) ) ;
#1557 = CARTESIAN_POINT ( 'NONE',  ( -1.500000000000000222, 1.836970198721030181E-16, -3.000000000000000888 ) ) ;
#1558 = CARTESIAN_POINT ( 'NONE',  ( -1.374999999999999334, -2.381569860407206640, 0.000000000000000000 ) ) ;
#1559 = CARTESIAN_POINT ( 'NONE',  ( 0.8816504037844401509, -1.527063293868265115, -3.255208333333335258 ) ) ;
#1560 = CARTESIAN_POINT ( 'NONE',  ( 0.6785254037844388186, 1.175240473580835943, -3.854166666666667851 ) ) ;
#1561 = CARTESIAN_POINT ( 'NONE',  ( -1.177704171233538544, -4.270513119278527022E-15, -3.623577583497011201 ) ) ;
#1562 = ADVANCED_FACE ( 'NONE', ( #1017 ), #1620, .T. ) ;
#1563 = CARTESIAN_POINT ( 'NONE',  ( -1.017788105676658894, 0.5876202367904171942, -0.1666666666666677121 ) ) ;
#1564 = VERTEX_POINT ( 'NONE', #1416 ) ;
#1565 = CARTESIAN_POINT ( 'NONE',  ( 0.8660254037844392627, -1.499999999999999778, -0.7708333333333360349 ) ) ;
#1566 =( BOUNDED_CURVE ( )  B_SPLINE_CURVE ( 2, ( #1471, #1236, #2219, #1072, #83, #476, #875, #1444, #669 ),
 .UNSPECIFIED., .F., .F. ) 
 B_SPLINE_CURVE_WITH_KNOTS ( ( 3, 2, 2, 2, 3 ),
 ( 0.2500000000000000000, 0.2592592592592593004, 0.2777777777777777901, 0.2962962962962962798, 0.3055555555555554692 ),
 .UNSPECIFIED. ) 
 CURVE ( )  GEOMETRIC_REPRESENTATION_ITEM ( )  RATIONAL_B_SPLINE_CURVE ( ( 0.9330127018922194093, 0.9330127018922194093, 1.000000000000000000, 0.8660254037844387076, 1.000000000000000000, 0.8660254037844387076, 1.000000000000000000, 0.9330127018922197424, 0.9330127018922194093 ) ) 
 REPRESENTATION_ITEM ( '' )  );
#1567 = LINE ( 'NONE', #1557, #888 ) ;
#1568 = DIRECTION ( 'NONE',  ( 1.000000000000000000, 0.000000000000000000, 0.000000000000000000 ) ) ;
#1569 = CARTESIAN_POINT ( 'NONE',  ( -1.763300807568879414, -3.239131034884756543E-16, -3.421875000000001776 ) ) ;
#1570 = CIRCLE ( 'NONE', #421, 2.750000000000000000 ) ;
#1571 = CARTESIAN_POINT ( 'NONE',  ( -1.017788105676658228, -0.5876202367904186374, -2.645833333333334370 ) ) ;
#1572 = CARTESIAN_POINT ( 'NONE',  ( -1.185133527000935993, 0.1656138904442647219, -3.631006939264408206 ) ) ;
#1573 = CARTESIAN_POINT ( 'NONE',  ( 0.6785254037844388186, 1.175240473580835943, -2.291666666666667407 ) ) ;
#1574 = AXIS2_PLACEMENT_3D ( 'NONE', #334, #908, #2275 ) ;
#1575 = ORIENTED_EDGE ( 'NONE', *, *, #1768, .F. ) ;
#1576 = CARTESIAN_POINT ( 'NONE',  ( 1.500000000000000222, 0.4019237886466843213, -1.665170900630742246 ) ) ;
#1577 = CARTESIAN_POINT ( 'NONE',  ( 0.6785254037844392627, -1.175240473580835943, -0.4583333333333343695 ) ) ;
#1578 = EDGE_CURVE ( 'NONE', #1377, #1249, #646, .T. ) ;
#1579 = CARTESIAN_POINT ( 'NONE',  ( 0.2428672756897684581, -1.374412690379759550, -0.1700655943156116900 ) ) ;
#1580 = CYLINDRICAL_SURFACE ( 'NONE', #1140, 1.500000000000000222 ) ;
#1581 = CARTESIAN_POINT ( 'NONE',  ( 1.500000000000000222, 0.4019237886466843213, -2.102670900630739581 ) ) ;
#1582 = CARTESIAN_POINT ( 'NONE',  ( 0.000000000000000000, 1.527063293868265559, -2.046875000000001776 ) ) ;
#1583 = CARTESIAN_POINT ( 'NONE',  ( -1.017788105676658228, -0.5876202367904186374, -3.645833333333334370 ) ) ;
#1584 = CARTESIAN_POINT ( 'NONE',  ( -0.9358000806358849344, 1.172296126873147104, -3.945873412263450675 ) ) ;
#1585 = CARTESIAN_POINT ( 'NONE',  ( -1.017788105676658894, 0.5876202367904171942, -2.666666666666667407 ) ) ;
#1586 = EDGE_LOOP ( 'NONE', ( #522, #2393, #1182 ) ) ;
#1587 = DIRECTION ( 'NONE',  ( -0.000000000000000000, -0.000000000000000000, 1.000000000000000000 ) ) ;
#1588 = CARTESIAN_POINT ( 'NONE',  ( -0.6785254037844385966, -1.175240473580836387, -0.5416666666666677399 ) ) ;
#1589 = EDGE_CURVE ( 'NONE', #442, #2342, #506, .T. ) ;
#1590 = CARTESIAN_POINT ( 'NONE',  ( 0.000000000000000000, 0.000000000000000000, -4.000000000000000888 ) ) ;
#1591 = CARTESIAN_POINT ( 'NONE',  ( 2.749999999999998668, -1.587713240271467319, -3.000000000000000888 ) ) ;
#1592 = ORIENTED_EDGE ( 'NONE', *, *, #165, .F. ) ;
#1593 = CARTESIAN_POINT ( 'NONE',  ( 0.8816504037844401509, -1.527063293868265115, -2.255208333333335258 ) ) ;
#1594 = ORIENTED_EDGE ( 'NONE', *, *, #1985, .T. ) ;
#1595 =( BOUNDED_CURVE ( )  B_SPLINE_CURVE ( 2, ( #1948, #1415, #1207, #1577, #2179, #1588, #2204, #1223, #1988, #47, #1431, #837, #1618, #2385, #444, #2192, #722, #2448, #2246, #2458, #1073, #84, #514, #2422, #1671, #1482, #1059, #670, #2260, #2411, #1827, #2043, #1458, #2030, #2055, #2220, #1116, #124, #684, #1291, #477, #114, #1267, #904, #876, #491, #1472, #291, #1085, #893, #1659, #1492, #279, #101, #2070, #1306, #1647, #1841, #2233, #317, #1877, #1504, #1682, #916, #1278, #1694, #1100, #697, #1855, #2272, #1251, #2436, #862, #504, #710, #305, #1867, #2016, #266, #72, #734 ),
 .UNSPECIFIED., .F., .T. ) 
 B_SPLINE_CURVE_WITH_KNOTS ( ( 3, 2, 2, 2, 2, 2, 2, 2, 2, 2, 2, 2, 2, 2, 2, 2, 2, 2, 2, 2, 2, 2, 2, 2, 2, 2, 2, 2, 2, 2, 2, 2, 2, 2, 2, 2, 2, 2, 2, 2, 3 ),
 ( 0.1396950593870951163, 0.1481481481481481399, 0.1666666666666666574, 0.1851851851851851749, 0.2037037037037036924, 0.2222222222222222099, 0.2407407407407407274, 0.2592592592592592449, 0.2777777777777777901, 0.2962962962962962798, 0.3148148148148148251, 0.3333333333333333148, 0.3518518518518518601, 0.3703703703703703498, 0.3888888888888888951, 0.4074074074074074403, 0.4259259259259259300, 0.4444444444444444198, 0.4629629629629630205, 0.4814814814814815103, 0.5000000000000000000, 0.5185185185185184897, 0.5370370370370370905, 0.5555555555555555802, 0.5740740740740740700, 0.5925925925925925597, 0.6111111111111111605, 0.6296296296296296502, 0.6481481481481481399, 0.6666666666666666297, 0.6851851851851852304, 0.7037037037037037202, 0.7222222222222222099, 0.7407407407407406996, 0.7592592592592593004, 0.7777777777777777901, 0.7962962962962962798, 0.8148148148148147696, 0.8333333333333333703, 0.8518518518518517491, 0.8603049406129045229 ),
 .UNSPECIFIED. ) 
 CURVE ( )  GEOMETRIC_REPRESENTATION_ITEM ( )  RATIONAL_B_SPLINE_CURVE ( ( 0.9335205031524347330, 0.9388450457090355972, 1.000000000000000000, 0.8660254037844387076, 1.000000000000000000, 0.8660254037844387076, 1.000000000000000000, 0.8660254037844387076, 1.000000000000000000, 0.8660254037844387076, 1.000000000000000000, 0.8660254037844387076, 1.000000000000000000, 0.8660254037844387076, 1.000000000000000000, 0.8660254037844387076, 1.000000000000000000, 0.8660254037844387076, 1.000000000000000000, 0.8660254037844387076, 1.000000000000000000, 0.8660254037844387076, 1.000000000000000000, 0.8660254037844387076, 1.000000000000000000, 0.8660254037844387076, 1.000000000000000000, 0.8660254037844387076, 1.000000000000000000, 0.8660254037844387076, 1.000000000000000000, 0.8660254037844387076, 1.000000000000000000, 0.8660254037844387076, 1.000000000000000000, 0.8660254037844387076, 1.000000000000000000, 0.8660254037844387076, 1.000000000000000000, 0.8660254037844387076, 1.000000000000000000, 0.8660254037844387076, 1.000000000000000000, 0.8660254037844387076, 1.000000000000000000, 0.8660254037844387076, 1.000000000000000000, 0.8660254037844387076, 1.000000000000000000, 0.8660254037844387076, 1.000000000000000000, 0.8660254037844387076, 1.000000000000000000, 0.8660254037844387076, 1.000000000000000000, 0.8660254037844387076, 1.000000000000000000, 0.8660254037844387076, 1.000000000000000000, 0.8660254037844387076, 1.000000000000000000, 0.8660254037844387076, 1.000000000000000000, 0.8660254037844387076, 1.000000000000000000, 0.8660254037844387076, 1.000000000000000000, 0.8660254037844387076, 1.000000000000000000, 0.8660254037844387076, 1.000000000000000000, 0.8660254037844387076, 1.000000000000000000, 0.8660254037844387076, 1.000000000000000000, 0.8660254037844387076, 1.000000000000000000, 0.8660254037844387076, 1.000000000000000000, 0.9388450457090381507, 0.9335205031524351771 ) ) 
 REPRESENTATION_ITEM ( '' )  );
#1596 = CARTESIAN_POINT ( 'NONE',  ( -0.6785254037844385966, -1.175240473580836165, -2.104166666666667851 ) ) ;
#1597 = LINE ( 'NONE', #244, #1701 ) ;
#1598 = ORIENTED_EDGE ( 'NONE', *, *, #561, .F. ) ;
#1599 = CARTESIAN_POINT ( 'NONE',  ( 1.017788105676658450, 0.5876202367904181934, -2.833333333333334370 ) ) ;
#1600 = ORIENTED_EDGE ( 'NONE', *, *, #1518, .F. ) ;
#1601 = CARTESIAN_POINT ( 'NONE',  ( 1.500000000000000222, -4.561024215828087150E-15, -3.124999999999999556 ) ) ;
#1602 = CARTESIAN_POINT ( 'NONE',  ( -5.160705625175098717E-16, -3.175426480542939522, -3.000000000000000888 ) ) ;
#1603 = CARTESIAN_POINT ( 'NONE',  ( 1.299038105676658228, 0.7500000000000003331, -3.583333333333333481 ) ) ;
#1604 = CARTESIAN_POINT ( 'NONE',  ( 1.174815581802795439, -0.03651903834878784255, -0.3788861141556910672 ) ) ;
#1605 = CARTESIAN_POINT ( 'NONE',  ( 1.500000000000000222, -0.4019237886466838772, -1.709829099369263083 ) ) ;
#1606 = ORIENTED_EDGE ( 'NONE', *, *, #1644, .F. ) ;
#1607 = CARTESIAN_POINT ( 'NONE',  ( 1.017788105676658450, -0.5876202367904178603, -0.9791666666666676289 ) ) ;
#1608 = CARTESIAN_POINT ( 'NONE',  ( 0.000000000000000000, 1.527063293868265337, -4.515625000000000888 ) ) ;
#1609 = B_SPLINE_CURVE_WITH_KNOTS ( 'NONE', 3,
 ( #602, #1381, #1776, #1359, #404, #9 ),
 .UNSPECIFIED., .F., .F.,
 ( 4, 2, 4 ),
 ( 0.000000000000000000, 0.0004401937305500163876, 0.0008803874611000327751 ),
 .UNSPECIFIED. ) ;
#1610 = CARTESIAN_POINT ( 'NONE',  ( -1.017788105676658228, -0.5876202367904186374, -1.645833333333334147 ) ) ;
#1611 = B_SPLINE_CURVE_WITH_KNOTS ( 'NONE', 3,
 ( #2183, #1271, #1791, #1450, #2035, #284, #2008, #662, #1805, #689 ),
 .UNSPECIFIED., .F., .F.,
 ( 4, 2, 2, 2, 4 ),
 ( 0.0007877933426585297626, 0.001118694172387967554, 0.001449595002117405130, 0.001780495831846842705, 0.002111396661576280497 ),
 .UNSPECIFIED. ) ;
#1612 = CARTESIAN_POINT ( 'NONE',  ( 1.500000000000000222, -8.715332896486791275E-17, -0.1249999999999998890 ) ) ;
#1613 = AXIS2_PLACEMENT_3D ( 'NONE', #1361, #2090, #2080 ) ;
#1614 = EDGE_LOOP ( 'NONE', ( #2154, #1288, #1036 ) ) ;
#1615 = CARTESIAN_POINT ( 'NONE',  ( 0.000000000000000000, 1.175240473580836165, 0.1874999999999989730 ) ) ;
#1616 = VERTEX_POINT ( 'NONE', #898 ) ;
#1617 = PERSON_AND_ORGANIZATION ( #1372, #467 ) ;
#1618 = CARTESIAN_POINT ( 'NONE',  ( 1.017788105676658450, 0.5876202367904181934, -0.8333333333333343695 ) ) ;
#1619 = CIRCLE ( 'NONE', #634, 4.000000000000000000 ) ;
#1620 = CYLINDRICAL_SURFACE ( 'NONE', #2304, 4.000000000000000000 ) ;
#1621 = CARTESIAN_POINT ( 'NONE',  ( 2.749999999999998224, -0.2685282540863929146, 1.105377996166861548E-15 ) ) ;
#1622 = CARTESIAN_POINT ( 'NONE',  ( -1.500000000000000222, -6.100733027540754016E-16, -3.937500000000001776 ) ) ;
#1623 = ORIENTED_EDGE ( 'NONE', *, *, #998, .T. ) ;
#1624 = CARTESIAN_POINT ( 'NONE',  ( 0.000000000000000000, 1.175240473580836165, -1.312500000000001110 ) ) ;
#1625 = CARTESIAN_POINT ( 'NONE',  ( 0.8816504037844401509, -1.527063293868264893, -3.723958333333333925 ) ) ;
#1626 = EDGE_CURVE ( 'NONE', #1249, #1869, #753, .T. ) ;
#1627 = CARTESIAN_POINT ( 'NONE',  ( 0.8816504037844392627, 1.527063293868265337, -1.057291666666667185 ) ) ;
#1628 = FACE_BOUND ( 'NONE', #1443, .T. ) ;
#1629 = ORIENTED_EDGE ( 'NONE', *, *, #1549, .T. ) ;
#1630 = CARTESIAN_POINT ( 'NONE',  ( 0.6785254037844388186, 1.175240473580835943, -2.791666666666667851 ) ) ;
#1631 = ORIENTED_EDGE ( 'NONE', *, *, #2442, .T. ) ;
#1632 =( NAMED_UNIT ( * ) PLANE_ANGLE_UNIT ( ) SI_UNIT ( $, .RADIAN. ) );
#1633 = CYLINDRICAL_SURFACE ( 'NONE', #1339, 1.500000000000000222 ) ;
#1634 = CARTESIAN_POINT ( 'NONE',  ( -1.299038105676658894, 0.7499999999999991118, -0.4791666666666691832 ) ) ;
#1635 = CARTESIAN_POINT ( 'NONE',  ( -1.492408474020897380, 0.1507214207424311392, -3.945873412263470659 ) ) ;
#1636 = ADVANCED_FACE ( 'NONE', ( #296 ), #1322, .F. ) ;
#1637 = ORIENTED_EDGE ( 'NONE', *, *, #2141, .T. ) ;
#1638 = CARTESIAN_POINT ( 'NONE',  ( 1.017788105676658450, 0.5876202367904181934, -1.395833333333334370 ) ) ;
#1639 = CARTESIAN_POINT ( 'NONE',  ( -1.500000000000000222, 4.154308680658704075E-15, -3.437500000000002665 ) ) ;
#1640 = CARTESIAN_POINT ( 'NONE',  ( 0.8816504037844392627, 1.527063293868265337, -1.557291666666667407 ) ) ;
#1641 = CARTESIAN_POINT ( 'NONE',  ( 1.299038105676658450, -0.7499999999999997780, -0.1666666666666665186 ) ) ;
#1642 = VERTEX_POINT ( 'NONE', #738 ) ;
#1643 = CARTESIAN_POINT ( 'NONE',  ( -0.6785254037844385966, -1.175240473580836165, -0.1041666666666676566 ) ) ;
#1644 = EDGE_CURVE ( 'NONE', #890, #2278, #1835, .T. ) ;
#1645 = ORIENTED_EDGE ( 'NONE', *, *, #1883, .T. ) ;
#1646 = CARTESIAN_POINT ( 'NONE',  ( -1.017788105676658228, -0.5876202367904186374, -4.083333333333334814 ) ) ;
#1647 = CARTESIAN_POINT ( 'NONE',  ( -1.017788105676658894, 0.5876202367904171942, -2.666666666666667407 ) ) ;
#1648 = CARTESIAN_POINT ( 'NONE',  ( -2.749999999999998668, 0.2687185575372997848, 5.145725154569872588E-16 ) ) ;
#1649 = CARTESIAN_POINT ( 'NONE',  ( -0.7720765142858009300, -1.223702533711687579, -3.889819203589722552 ) ) ;
#1650 = ORIENTED_EDGE ( 'NONE', *, *, #1068, .T. ) ;
#1651 = CARTESIAN_POINT ( 'NONE',  ( 1.299038105676658450, -0.7499999999999997780, -2.666666666666666075 ) ) ;
#1652 = CARTESIAN_POINT ( 'NONE',  ( -1.322475605676659116, -0.7635316469341333345, -4.348958333333333925 ) ) ;
#1653 = CARTESIAN_POINT ( 'NONE',  ( -1.763300807568878970, -3.239131034884756050E-16, -1.890625000000000666 ) ) ;
#1654 = CARTESIAN_POINT ( 'NONE',  ( -1.500000000000000222, 4.154308680658704075E-15, -2.437500000000002665 ) ) ;
#1655 = AXIS2_PLACEMENT_3D ( 'NONE', #154, #2452, #1508 ) ;
#1656 = ORIENTED_EDGE ( 'NONE', *, *, #2326, .T. ) ;
#1657 = CARTESIAN_POINT ( 'NONE',  ( 0.6785254037844393737, -1.175240473580835721, -3.458333333333333925 ) ) ;
#1658 = CARTESIAN_POINT ( 'NONE',  ( 1.500000000000000888, 0.4019237886466837106, -1.102670900630740025 ) ) ;
#1659 = CARTESIAN_POINT ( 'NONE',  ( 1.017788105676658450, -0.5876202367904178603, -2.416666666666667851 ) ) ;
#1660 = CARTESIAN_POINT ( 'NONE',  ( 0.6785254037844388186, 1.175240473580835943, -3.354166666666666963 ) ) ;
#1661 = LOCAL_TIME ( 15, 44, 7.000000000000000000, #1892 ) ;
#1662 = DIRECTION ( 'NONE',  ( 1.000000000000000000, 0.000000000000000000, 0.000000000000000000 ) ) ;
#1663 = VERTEX_POINT ( 'NONE', #2490 ) ;
#1664 = CARTESIAN_POINT ( 'NONE',  ( -1.375000000000000666, 2.381569860407205752, 0.000000000000000000 ) ) ;
#1665 = DIRECTION ( 'NONE',  ( 0.000000000000000000, 0.000000000000000000, 1.000000000000000000 ) ) ;
#1666 = ORIENTED_EDGE ( 'NONE', *, *, #1687, .T. ) ;
#1667 = CARTESIAN_POINT ( 'NONE',  ( 1.870113174931185101E-16, -1.527063293868265337, -2.265625000000000444 ) ) ;
#1668 = DIRECTION ( 'NONE',  ( 0.000000000000000000, 0.000000000000000000, 1.000000000000000000 ) ) ;
#1669 = VERTEX_POINT ( 'NONE', #1861 ) ;
#1670 = CARTESIAN_POINT ( 'NONE',  ( 0.6785254037844388186, 1.175240473580835943, -2.291666666666667407 ) ) ;
#1671 = CARTESIAN_POINT ( 'NONE',  ( 1.017788105676658450, 0.5876202367904181934, -1.333333333333334370 ) ) ;
#1672 = CARTESIAN_POINT ( 'NONE',  ( 1.357050807568877859, 8.309539638847786353E-17, -3.437500000000000444 ) ) ;
#1673 = CARTESIAN_POINT ( 'NONE',  ( 1.336197820288328897, -2.273104074952029994E-11, -3.782071232551800222 ) ) ;
#1674 = EDGE_CURVE ( 'NONE', #1713, #820, #1686, .T. ) ;
#1675 = ORIENTED_EDGE ( 'NONE', *, *, #1442, .F. ) ;
#1676 = CARTESIAN_POINT ( 'NONE',  ( -1.017788105676658894, 0.5876202367904171942, -1.729166666666667407 ) ) ;
#1677 = CARTESIAN_POINT ( 'NONE',  ( 0.8660254037844384856, 1.500000000000000000, -3.604166666666670071 ) ) ;
#1678 = ORIENTED_EDGE ( 'NONE', *, *, #639, .T. ) ;
#1679 = CARTESIAN_POINT ( 'NONE',  ( 1.763300807568878970, 1.079710344961585514E-16, -0.6406250000000005551 ) ) ;
#1680 = LINE ( 'NONE', #1886, #589 ) ;
#1681 = CARTESIAN_POINT ( 'NONE',  ( -1.017788105676658894, 0.5876202367904171942, -4.166666666666667851 ) ) ;
#1682 = CARTESIAN_POINT ( 'NONE',  ( 1.017788105676658450, -0.5876202367904178603, -2.916666666666667851 ) ) ;
#1683 = CARTESIAN_POINT ( 'NONE',  ( -1.017788105676658894, 0.5876202367904171942, -2.229166666666667851 ) ) ;
#1684 = ORIENTED_EDGE ( 'NONE', *, *, #2522, .T. ) ;
#1685 = CARTESIAN_POINT ( 'NONE',  ( 0.6785254037844392627, -1.175240473580835943, -2.520833333333334370 ) ) ;
#1686 = LINE ( 'NONE', #948, #1737 ) ;
#1687 = EDGE_CURVE ( 'NONE', #49, #841, #91, .T. ) ;
#1688 = CARTESIAN_POINT ( 'NONE',  ( 0.000000000000000000, 1.175240473580836165, -1.312500000000001110 ) ) ;
#1689 = ORIENTED_EDGE ( 'NONE', *, *, #441, .F. ) ;
#1690 = APPROVAL ( #2384, 'UNSPECIFIED' ) ;
#1691 = CARTESIAN_POINT ( 'NONE',  ( -2.749999999999998668, -0.2685282540870281287, 4.802676810931882923E-16 ) ) ;
#1692 = CARTESIAN_POINT ( 'NONE',  ( 1.439254484199190365E-16, -1.175240473580836165, -1.062500000000000888 ) ) ;
#1693 = CARTESIAN_POINT ( 'NONE',  ( 0.6785254037844393737, -1.175240473580835721, -3.958333333333334370 ) ) ;
#1694 = CARTESIAN_POINT ( 'NONE',  ( -0.6785254037844385966, -1.175240473580836387, -3.041666666666667851 ) ) ;
#1695 = CARTESIAN_POINT ( 'NONE',  ( 1.017788105676658450, 0.5876202367904181934, -3.395833333333334370 ) ) ;
#1696 =( GEOMETRIC_REPRESENTATION_CONTEXT ( 3 ) GLOBAL_UNCERTAINTY_ASSIGNED_CONTEXT ( ( #694 ) ) GLOBAL_UNIT_ASSIGNED_CONTEXT ( ( #1290, #1632, #490 ) ) REPRESENTATION_CONTEXT ( 'NONE', 'WORKASPACE' ) );
#1697 = DIRECTION ( 'NONE',  ( 0.000000000000000000, -1.000000000000000000, 0.000000000000000000 ) ) ;
#1698 = CARTESIAN_POINT ( 'NONE',  ( 1.299038105676658228, 0.7500000000000003331, -3.645833333333335702 ) ) ;
#1699 = CARTESIAN_POINT ( 'NONE',  ( 1.763300807568879414, 1.079710344961585514E-16, -0.1718750000000016376 ) ) ;
#1700 = CARTESIAN_POINT ( 'NONE',  ( 1.439254484199190365E-16, -1.175240473580836165, -0.06250000000000102696 ) ) ;
#1702 = EDGE_LOOP ( 'NONE', ( #456, #2413, #815, #1810, #1435 ) ) ;
#1701 = VECTOR ( 'NONE', #1781, 1000.000000000000000 ) ;
#1703 = DIRECTION ( 'NONE',  ( -0.000000000000000000, -0.000000000000000000, 1.000000000000000000 ) ) ;
#1704 = ADVANCED_FACE ( 'NONE', ( #542 ), #530, .F. ) ;
#1705 = CARTESIAN_POINT ( 'NONE',  ( 1.017788105676658450, -0.5876202367904178603, -0.4791666666666676844 ) ) ;
#1706 = CARTESIAN_POINT ( 'NONE',  ( 1.439254484199190365E-16, -1.175240473580836165, -1.000000000000001110 ) ) ;
#1707 = CARTESIAN_POINT ( 'NONE',  ( 0.000000000000000000, 0.000000000000000000, -4.000000000000000888 ) ) ;
#1708 = CARTESIAN_POINT ( 'NONE',  ( -1.017788105676658894, 0.5876202367904171942, -3.229166666666667407 ) ) ;
#1709 = CARTESIAN_POINT ( 'NONE',  ( 1.554126587736530007, 0.000000000000000000, 0.000000000000000000 ) ) ;
#1710 = CARTESIAN_POINT ( 'NONE',  ( -1.017788105676658228, -0.5876202367904186374, -2.645833333333334370 ) ) ;
#1711 = CARTESIAN_POINT ( 'NONE',  ( 0.000000000000000000, 0.000000000000000000, 0.000000000000000000 ) ) ;
#1712 = CARTESIAN_POINT ( 'NONE',  ( -1.763300807568879414, -3.239131034884756543E-16, 0.07812499999999833467 ) ) ;
#1713 = VERTEX_POINT ( 'NONE', #2441 ) ;
#1714 = CARTESIAN_POINT ( 'NONE',  ( 1.299038105676658450, -0.7499999999999997780, -2.166666666666666519 ) ) ;
#1715 = CARTESIAN_POINT ( 'NONE',  ( 0.6785254037844393737, -1.175240473580835721, -0.02083333333333434872 ) ) ;
#1716 = CARTESIAN_POINT ( 'NONE',  ( -1.173961897284920175, -0.05480542368870736092, -3.621113885844308378 ) ) ;
#1717 = CARTESIAN_POINT ( 'NONE',  ( 1.357050807568877859, 8.309539638847786353E-17, -0.8750000000000011102 ) ) ;
#1718 = CALENDAR_DATE ( 2026, 7, 1 ) ;
#1719 = CYLINDRICAL_SURFACE ( 'NONE', #2059, 1.500000000000000222 ) ;
#1720 = EDGE_CURVE ( 'NONE', #2160, #1012, #2504, .T. ) ;
#1721 = CARTESIAN_POINT ( 'NONE',  ( -0.6785254037844385966, -1.175240473580836165, -0.5416666666666677399 ) ) ;
#1722 = CARTESIAN_POINT ( 'NONE',  ( -1.500000000000000222, -5.810221930991193690E-16, -3.374999999999999112 ) ) ;
#1723 = CARTESIAN_POINT ( 'NONE',  ( 1.017788105676658450, -0.5876202367904178603, -3.479166666666667851 ) ) ;
#1724 = LINE ( 'NONE', #1486, #1771 ) ;
#1725 = CARTESIAN_POINT ( 'NONE',  ( -1.322475605676659338, -0.7635316469341334455, -0.8802083333333349247 ) ) ;
#1726 = CARTESIAN_POINT ( 'NONE',  ( 1.500000000000000222, 0.4019237886466840437, -0.1026709006307396504 ) ) ;
#1727 = CARTESIAN_POINT ( 'NONE',  ( 0.6785254037844393737, -1.175240473580835721, -0.5208333333333342585 ) ) ;
#1728 = CARTESIAN_POINT ( 'NONE',  ( 0.8350810973051145947, 1.000021439033333515, -3.738394174682797111 ) ) ;
#1729 = CARTESIAN_POINT ( 'NONE',  ( 1.017788105676658450, 0.5876202367904181934, 0.1666666666666656027 ) ) ;
#1730 = APPROVAL_DATE_TIME ( #955, #1690 ) ;
#1731 = CARTESIAN_POINT ( 'NONE',  ( 0.000000000000000000, 1.175240473580836165, -1.750000000000001110 ) ) ;
#1732 = LINE ( 'NONE', #1184, #345 ) ;
#1733 = ADVANCED_FACE ( 'NONE', ( #703 ), #1335, .T. ) ;
#1734 = CARTESIAN_POINT ( 'NONE',  ( 1.608385152161855514, 2.246824879981694334, 3.492034497213725183E-15 ) ) ;
#1735 = CARTESIAN_POINT ( 'NONE',  ( 1.500000000000000222, -8.715332896486791275E-17, -0.1249999999999998890 ) ) ;
#1736 = ADVANCED_FACE ( 'NONE', ( #1283 ), #1910, .T. ) ;
#1737 = VECTOR ( 'NONE', #1521, 1000.000000000000000 ) ;
#1738 = CARTESIAN_POINT ( 'NONE',  ( -1.322475605676660226, 0.7635316469341316692, -0.4635416666666682950 ) ) ;
#1739 = CARTESIAN_POINT ( 'NONE',  ( -0.8660254037844381525, -1.500000000000000888, -1.354166666666669183 ) ) ;
#1740 = VECTOR ( 'NONE', #658, 1000.000000000000000 ) ;
#1741 = CARTESIAN_POINT ( 'NONE',  ( -1.357050807568877859, -2.492861891654335783E-16, -0.6875000000000009992 ) ) ;
#1742 = AXIS2_PLACEMENT_3D ( 'NONE', #393, #163, #2150 ) ;
#1743 = CARTESIAN_POINT ( 'NONE',  ( -1.495686695539756084, 0.1008374547872353949, -3.944122654499087943 ) ) ;
#1744 = CARTESIAN_POINT ( 'NONE',  ( 0.6785254037844388186, 1.175240473580835943, -0.7916666666666677399 ) ) ;
#1745 = CARTESIAN_POINT ( 'NONE',  ( -1.500000000000000222, 1.836970198721030181E-16, -3.000000000000000888 ) ) ;
#1746 = CARTESIAN_POINT ( 'NONE',  ( -1.500000000000000888, -0.4019237886466840437, -0.8526709006307396921 ) ) ;
#1747 = FACE_OUTER_BOUND ( 'NONE', #609, .T. ) ;
#1748 = CARTESIAN_POINT ( 'NONE',  ( -1.500000000000000222, 4.183359790313659220E-15, -3.874999999999999556 ) ) ;
#1749 = CARTESIAN_POINT ( 'NONE',  ( 0.6785254037844393737, -1.175240473580835721, -2.020833333333334370 ) ) ;
#1750 = CARTESIAN_POINT ( 'NONE',  ( 1.439254484199190365E-16, -1.175240473580836165, -0.5000000000000011102 ) ) ;
#1751 = DIRECTION ( 'NONE',  ( -1.000000000000000000, 0.000000000000000000, 0.000000000000000000 ) ) ;
#1752 = CARTESIAN_POINT ( 'NONE',  ( 0.8660254037844384856, 1.500000000000000222, -1.541666666666666963 ) ) ;
#1753 = CARTESIAN_POINT ( 'NONE',  ( -0.3810666739271102443, -1.310762285958152029, -0.1920916572962348412 ) ) ;
#1754 = DIRECTION ( 'NONE',  ( 0.000000000000000000, 0.000000000000000000, 1.000000000000000000 ) ) ;
#1755 = CARTESIAN_POINT ( 'NONE',  ( 1.322475605676659782, -0.7635316469341324463, -3.213541666666668295 ) ) ;
#1756 = CC_DESIGN_DATE_AND_TIME_ASSIGNMENT ( #733, #159, ( #884 ) ) ;
#1757 = CARTESIAN_POINT ( 'NONE',  ( 0.6785254037844393737, -1.175240473580835721, -1.520833333333334147 ) ) ;
#1758 = EDGE_CURVE ( 'NONE', #2248, #2000, #1724, .T. ) ;
#1759 = CARTESIAN_POINT ( 'NONE',  ( 1.017788105676658450, -0.5876202367904178603, -1.416666666666667629 ) ) ;
#1760 = ORIENTED_EDGE ( 'NONE', *, *, #1674, .T. ) ;
#1761 = CARTESIAN_POINT ( 'NONE',  ( 1.499999999999998890, -0.4019237886466860976, -2.209829099369262639 ) ) ;
#1762 = DIRECTION ( 'NONE',  ( -0.5000000000000004441, 0.8660254037844384856, 0.000000000000000000 ) ) ;
#1763 = CARTESIAN_POINT ( 'NONE',  ( 0.000000000000000000, 0.000000000000000000, -4.000000000000000888 ) ) ;
#1764 = DIRECTION ( 'NONE',  ( -0.000000000000000000, -0.000000000000000000, 1.000000000000000000 ) ) ;
#1765 = CARTESIAN_POINT ( 'NONE',  ( -0.8816504037844405950, 1.527063293868265115, -3.505208333333334814 ) ) ;
#1766 = CARTESIAN_POINT ( 'NONE',  ( 1.357050807568877859, 8.309539638847786353E-17, -1.937500000000000888 ) ) ;
#1767 = CARTESIAN_POINT ( 'NONE',  ( 1.836970198721030181E-16, -1.500000000000000222, -0.2499999999999998890 ) ) ;
#1768 = EDGE_CURVE ( 'NONE', #2248, #1663, #2067, .T. ) ;
#1769 = AXIS2_PLACEMENT_3D ( 'NONE', #2109, #1908, #1929 ) ;
#1770 = CARTESIAN_POINT ( 'NONE',  ( 0.6785254037844393737, -1.175240473580835721, -3.458333333333333925 ) ) ;
#1771 = VECTOR ( 'NONE', #2250, 1000.000000000000000 ) ;
#1772 = ORIENTED_EDGE ( 'NONE', *, *, #173, .T. ) ;
#1773 = DIRECTION ( 'NONE',  ( 0.000000000000000000, 0.000000000000000000, -1.000000000000000000 ) ) ;
#1774 = CARTESIAN_POINT ( 'NONE',  ( 0.7824816638411494774, 0.8927582034380454612, -0.3735397196718325263 ) ) ;
#1775 = CARTESIAN_POINT ( 'NONE',  ( -1.299038105676658006, -0.7500000000000006661, -0.8333333333333331483 ) ) ;
#1776 = CARTESIAN_POINT ( 'NONE',  ( 1.040883687393648449, 0.5647408540528877641, -0.3788861141556932322 ) ) ;
#1777 = VERTEX_POINT ( 'NONE', #1106 ) ;
#1778 = CARTESIAN_POINT ( 'NONE',  ( 0.8816504037844401509, -1.527063293868265115, -3.755208333333334814 ) ) ;
#1779 = ORIENTED_EDGE ( 'NONE', *, *, #461, .F. ) ;
#1780 = CARTESIAN_POINT ( 'NONE',  ( 0.6785254037844388186, 1.175240473580835943, -2.854166666666667407 ) ) ;
#1781 = DIRECTION ( 'NONE',  ( 0.000000000000000000, 0.000000000000000000, 1.000000000000000000 ) ) ;
#1782 = VERTEX_POINT ( 'NONE', #322 ) ;
#1783 = CARTESIAN_POINT ( 'NONE',  ( -1.357050807568877859, -2.492861891654335783E-16, -4.125000000000000000 ) ) ;
#1784 = EDGE_LOOP ( 'NONE', ( #1631, #130, #423, #419, #1294 ) ) ;
#1785 = CARTESIAN_POINT ( 'NONE',  ( -1.299038105676658894, 0.7499999999999991118, -1.479166666666668961 ) ) ;
#1786 = CARTESIAN_POINT ( 'NONE',  ( -1.500000000000000222, -6.100733027540754016E-16, -1.937500000000002665 ) ) ;
#1787 = DIRECTION ( 'NONE',  ( -0.000000000000000000, -0.000000000000000000, 1.000000000000000000 ) ) ;
#1788 = CARTESIAN_POINT ( 'NONE',  ( 2.749999999999997780, -1.064879185001677664, -0.1085349390810611964 ) ) ;
#1789 = DIRECTION ( 'NONE',  ( -1.000000000000000000, 0.000000000000000000, 0.000000000000000000 ) ) ;
#1790 = ORIENTED_EDGE ( 'NONE', *, *, #2301, .T. ) ;
#1791 = CARTESIAN_POINT ( 'NONE',  ( 1.096280757955197416, 1.018497423322094475, -0.06180088387829233559 ) ) ;
#1792 = FACE_OUTER_BOUND ( 'NONE', #1314, .T. ) ;
#1793 = B_SPLINE_CURVE_WITH_KNOTS ( 'NONE', 3,
 ( #2293, #535, #2438, #1716 ),
 .UNSPECIFIED., .F., .F.,
 ( 4, 4 ),
 ( 0.009358031472703141548, 0.009412336116073765496 ),
 .UNSPECIFIED. ) ;
#1794 = CARTESIAN_POINT ( 'NONE',  ( 0.6785254037844388186, 1.175240473580835943, -3.354166666666666963 ) ) ;
#1795 = CARTESIAN_POINT ( 'NONE',  ( -1.189293857691582579, 0.8286901391817270701, -3.891515509332209799 ) ) ;
#1796 = ORIENTED_EDGE ( 'NONE', *, *, #1589, .F. ) ;
#1797 = CARTESIAN_POINT ( 'NONE',  ( 1.439254484199190365E-16, -1.175240473580836165, -3.500000000000000888 ) ) ;
#1798 = ORIENTED_EDGE ( 'NONE', *, *, #1985, .F. ) ;
#1799 = CARTESIAN_POINT ( 'NONE',  ( 0.000000000000000000, 1.500000000000000222, -1.562500000000002665 ) ) ;
#1800 = CARTESIAN_POINT ( 'NONE',  ( 1.500000000000000222, 2.033577675846917841E-16, -1.687500000000002442 ) ) ;
#1801 = DIRECTION ( 'NONE',  ( 0.000000000000000000, 0.000000000000000000, 1.000000000000000000 ) ) ;
#1802 = CARTESIAN_POINT ( 'NONE',  ( 1.500000000000000222, -1.074891057233370936E-15, -0.6875000000000024425 ) ) ;
#1803 = EDGE_CURVE ( 'NONE', #1824, #1469, #298, .T. ) ;
#1804 = ORIENTED_EDGE ( 'NONE', *, *, #381, .F. ) ;
#1805 = CARTESIAN_POINT ( 'NONE',  ( 1.459071010031100624, 0.1102486253570024999, -0.09505557770378082749 ) ) ;
#1806 = CARTESIAN_POINT ( 'NONE',  ( -0.8816504037844390407, -1.527063293868266003, -4.307291666666666963 ) ) ;
#1807 = ADVANCED_FACE ( 'NONE', ( #919, #2475 ), #23, .F. ) ;
#1808 = CARTESIAN_POINT ( 'NONE',  ( 0.8816504037844401509, -1.527063293868264893, -0.7239583333333338144 ) ) ;
#1809 = CARTESIAN_POINT ( 'NONE',  ( -5.160705625175098717E-16, -3.175426480542939522, -3.000000000000000888 ) ) ;
#1810 = ORIENTED_EDGE ( 'NONE', *, *, #1883, .F. ) ;
#1811 = CARTESIAN_POINT ( 'NONE',  ( -0.6785254037844395958, 1.175240473580835721, -2.208333333333334370 ) ) ;
#1812 = ORIENTED_EDGE ( 'NONE', *, *, #2102, .T. ) ;
#1813 = CARTESIAN_POINT ( 'NONE',  ( -0.7823246726631173376, -0.8770166915668523577, -3.621113885846622082 ) ) ;
#1814 = AXIS2_PLACEMENT_3D ( 'NONE', #1982, #2186, #1997 ) ;
#1815 = CARTESIAN_POINT ( 'NONE',  ( -1.500000000000000444, 0.4019237886466834331, -1.959829099369263083 ) ) ;
#1816 = CARTESIAN_POINT ( 'NONE',  ( 0.8660254037844384856, 1.500000000000000222, -2.041666666666666075 ) ) ;
#1817 = VERTEX_POINT ( 'NONE', #558 ) ;
#1818 = CARTESIAN_POINT ( 'NONE',  ( 0.6785254037844388186, 1.175240473580836165, -0.8541666666666676289 ) ) ;
#1819 = CARTESIAN_POINT ( 'NONE',  ( 1.322475605676659560, -0.7635316469341323353, -2.682291666666666963 ) ) ;
#1820 = CARTESIAN_POINT ( 'NONE',  ( -1.322475605676660226, 0.7635316469341315582, -1.432291666666667185 ) ) ;
#1821 = CARTESIAN_POINT ( 'NONE',  ( -1.375000000000000666, 2.381569860407205752, 0.000000000000000000 ) ) ;
#1822 = ORIENTED_EDGE ( 'NONE', *, *, #1188, .T. ) ;
#1823 = CARTESIAN_POINT ( 'NONE',  ( -1.357050807568877859, -2.492861891654335783E-16, -0.1875000000000010547 ) ) ;
#1824 = VERTEX_POINT ( 'NONE', #1166 ) ;
#1825 = CARTESIAN_POINT ( 'NONE',  ( 1.357050807568877859, 8.309539638847786353E-17, -2.875000000000000444 ) ) ;
#1826 = CARTESIAN_POINT ( 'NONE',  ( 0.5625848571106929485, 1.301189634684118079, -0.1491419350203859462 ) ) ;
#1827 = CARTESIAN_POINT ( 'NONE',  ( -1.017788105676658228, -0.5876202367904186374, -1.583333333333334370 ) ) ;
#1828 = PLANE ( 'NONE',  #1007 ) ;
#1829 = CARTESIAN_POINT ( 'NONE',  ( -1.299038105676658894, 0.7499999999999991118, -1.916666666666666519 ) ) ;
#1830 = ORIENTED_EDGE ( 'NONE', *, *, #2102, .F. ) ;
#1831 = CARTESIAN_POINT ( 'NONE',  ( 1.499999999999999112, -0.4019237886466860976, -2.647329099369259975 ) ) ;
#1832 = CARTESIAN_POINT ( 'NONE',  ( 1.322475605676659560, -0.7635316469341323353, -4.182291666666667851 ) ) ;
#1833 = CARTESIAN_POINT ( 'NONE',  ( 1.322475605676659338, 0.7635316469341328904, -2.098958333333333925 ) ) ;
#1834 = CARTESIAN_POINT ( 'NONE',  ( 0.8660254037844384856, 1.500000000000000000, -2.604166666666669183 ) ) ;
#1835 =( BOUNDED_CURVE ( )  B_SPLINE_CURVE ( 2, ( #935, #2062, #1698, #1677, #2462, #108, #349, #2265, #1333 ),
 .UNSPECIFIED., .F., .T. ) 
 B_SPLINE_CURVE_WITH_KNOTS ( ( 3, 2, 2, 2, 3 ),
 ( 0.08333333333333325932, 0.09259259259259255970, 0.1111111111111111605, 0.1296296296296296502, 0.1388888888888888395 ),
 .UNSPECIFIED. ) 
 CURVE ( )  GEOMETRIC_REPRESENTATION_ITEM ( )  RATIONAL_B_SPLINE_CURVE ( ( 0.9330127018922194093, 0.9330127018922189652, 1.000000000000000000, 0.8660254037844387076, 1.000000000000000000, 0.8660254037844387076, 1.000000000000000000, 0.9330127018922197424, 0.9330127018922194093 ) ) 
 REPRESENTATION_ITEM ( '' )  );
#1836 = CARTESIAN_POINT ( 'NONE',  ( -0.6785254037844395958, 1.175240473580835721, -1.270833333333334370 ) ) ;
#1837 = ADVANCED_FACE ( 'NONE', ( #2313 ), #1391, .F. ) ;
#1838 = EDGE_LOOP ( 'NONE', ( #1971, #411, #1998, #1456 ) ) ;
#1839 = CARTESIAN_POINT ( 'NONE',  ( -1.357050807568877859, -2.492861891654335783E-16, -2.625000000000000888 ) ) ;
#1840 = CARTESIAN_POINT ( 'NONE',  ( 1.200169379955992044, 0.3822194966365659585, -0.3086362860309662115 ) ) ;
#1841 = CARTESIAN_POINT ( 'NONE',  ( -0.6785254037844395958, 1.175240473580835499, -2.708333333333334370 ) ) ;
#1842 = CARTESIAN_POINT ( 'NONE',  ( 0.6785254037844393737, -1.175240473580835721, -3.020833333333334814 ) ) ;
#1843 = CARTESIAN_POINT ( 'NONE',  ( -1.128574593611160415, -0.9314434551714020349, -3.906250486708857217 ) ) ;
#1844 = VERTEX_POINT ( 'NONE', #1195 ) ;
#1845 = CARTESIAN_POINT ( 'NONE',  ( -0.6785254037844385966, -1.175240473580836387, -0.6041666666666675178 ) ) ;
#1846 = CARTESIAN_POINT ( 'NONE',  ( -1.299038105676657784, -0.7500000000000007772, -2.395833333333335702 ) ) ;
#1847 = CARTESIAN_POINT ( 'NONE',  ( -1.322475605676659116, -0.7635316469341333345, -1.848958333333333925 ) ) ;
#1848 = CARTESIAN_POINT ( 'NONE',  ( -1.375000000000000666, 2.381569860407205752, 0.000000000000000000 ) ) ;
#1849 = ADVANCED_FACE ( 'NONE', ( #1747 ), #1931, .F. ) ;
#1850 =( BOUNDED_CURVE ( )  B_SPLINE_CURVE ( 2, ( #358, #1905, #1529, #1916, #160 ),
 .UNSPECIFIED., .F., .F. ) 
 B_SPLINE_CURVE_WITH_KNOTS ( ( 3, 2, 3 ),
 ( 0.8611111111111111605, 0.8703703703703703498, 0.8770316352620728395 ),
 .UNSPECIFIED. ) 
 CURVE ( )  GEOMETRIC_REPRESENTATION_ITEM ( )  RATIONAL_B_SPLINE_CURVE ( ( 0.9330127018922194093, 0.9330127018922197424, 1.000000000000000000, 0.9518082251958601692, 0.9382864135694584107 ) ) 
 REPRESENTATION_ITEM ( '' )  );
#1851 = AXIS2_PLACEMENT_3D ( 'NONE', #1590, #960, #557 ) ;
#1852 = ORIENTED_EDGE ( 'NONE', *, *, #1918, .T. ) ;
#1853 = CARTESIAN_POINT ( 'NONE',  ( 0.6785254037844388186, 1.175240473580835943, -1.791666666666667629 ) ) ;
#1854 = CARTESIAN_POINT ( 'NONE',  ( 0.2099669510197044453, 1.442685994722291198, -0.09931346655564478321 ) ) ;
#1855 = CARTESIAN_POINT ( 'NONE',  ( -1.017788105676658894, 0.5876202367904171942, -3.166666666666667407 ) ) ;
#1856 = CARTESIAN_POINT ( 'NONE',  ( 1.439254484199190365E-16, -1.175240473580836165, -1.562500000000000888 ) ) ;
#1857 = CIRCLE ( 'NONE', #257, 2.750000000000000000 ) ;
#1858 = CARTESIAN_POINT ( 'NONE',  ( 1.302578099118018695, -0.3687980145034190360, -3.796506378299049356 ) ) ;
#1859 = ORIENTED_EDGE ( 'NONE', *, *, #263, .T. ) ;
#1860 = CARTESIAN_POINT ( 'NONE',  ( -1.357050807568877859, -2.492861891654335783E-16, -1.687500000000001110 ) ) ;
#1861 = CARTESIAN_POINT ( 'NONE',  ( -0.7823246726631173376, -0.8770166915668523577, -3.621113885846622082 ) ) ;
#1862 = EDGE_LOOP ( 'NONE', ( #407, #688, #430, #1779 ) ) ;
#1863 = CARTESIAN_POINT ( 'NONE',  ( 1.322475605676659338, 0.7635316469341328904, -0.09895833333333393933 ) ) ;
#1864 = FACE_OUTER_BOUND ( 'NONE', #2263, .T. ) ;
#1865 = CARTESIAN_POINT ( 'NONE',  ( 1.357050807568877859, 8.309539638847786353E-17, -3.875000000000001332 ) ) ;
#1866 = COORDINATED_UNIVERSAL_TIME_OFFSET ( 6, 0, .BEHIND. ) ;
#1867 = CARTESIAN_POINT ( 'NONE',  ( 1.439254484199190365E-16, -1.175240473580836165, -3.500000000000000888 ) ) ;
#1868 = CARTESIAN_POINT ( 'NONE',  ( -0.6785254037844385966, -1.175240473580836165, -3.104166666666667407 ) ) ;
#1869 = VERTEX_POINT ( 'NONE', #1547 ) ;
#1870 = CARTESIAN_POINT ( 'NONE',  ( -4.000000000000000000, 4.898587196589412829E-16, -4.000000000000000888 ) ) ;
#1871 = CARTESIAN_POINT ( 'NONE',  ( 0.8660254037844384856, 1.500000000000000000, -0.1041666666666691415 ) ) ;
#1872 = ORIENTED_EDGE ( 'NONE', *, *, #1287, .F. ) ;
#1873 = CARTESIAN_POINT ( 'NONE',  ( -0.8816504037844403729, 1.527063293868264893, -2.473958333333333925 ) ) ;
#1874 = CARTESIAN_POINT ( 'NONE',  ( 1.500000000000001332, 0.4019237886466820453, -2.665170900630741802 ) ) ;
#1875 = CARTESIAN_POINT ( 'NONE',  ( 2.749999999999997335, 1.587713240271469317, -3.000000000000000888 ) ) ;
#1876 = CARTESIAN_POINT ( 'NONE',  ( -0.6785254037844395958, 1.175240473580835721, -2.208333333333334370 ) ) ;
#1877 = CARTESIAN_POINT ( 'NONE',  ( 1.017788105676658450, 0.5876202367904181934, -2.833333333333334370 ) ) ;
#1878 = CARTESIAN_POINT ( 'NONE',  ( 0.6785254037844393737, -1.175240473580835721, -1.520833333333334147 ) ) ;
#1879 = CARTESIAN_POINT ( 'NONE',  ( 0.6785254037844388186, 1.175240473580836165, -1.854166666666667629 ) ) ;
#1880 = DIRECTION ( 'NONE',  ( 0.000000000000000000, 0.000000000000000000, 1.000000000000000000 ) ) ;
#1881 = ADVANCED_FACE ( 'NONE', ( #1005 ), #2346, .F. ) ;
#1882 = CARTESIAN_POINT ( 'NONE',  ( 1.870113174931185594E-16, -1.527063293868265559, -0.2968750000000016653 ) ) ;
#1883 = EDGE_CURVE ( 'NONE', #1001, #2007, #1609, .T. ) ;
#1884 = CARTESIAN_POINT ( 'NONE',  ( -0.6785254037844395958, 1.175240473580835721, -0.7708333333333343695 ) ) ;
#1885 = ORIENTED_EDGE ( 'NONE', *, *, #1201, .F. ) ;
#1886 = CARTESIAN_POINT ( 'NONE',  ( 2.749999999999998668, -1.587713240271467319, -3.000000000000000888 ) ) ;
#1887 = B_SPLINE_CURVE_WITH_KNOTS ( 'NONE', 3,
 ( #1439, #806, #259, #1821 ),
 .UNSPECIFIED., .F., .F.,
 ( 4, 4 ),
 ( 2.380742992387856462E-07, 0.001606744326298686866 ),
 .UNSPECIFIED. ) ;
#1888 = PRODUCT_DEFINITION_SHAPE ( 'NONE', 'NONE',  #197 ) ;
#1889 = B_SPLINE_CURVE_WITH_KNOTS ( 'NONE', 3,
 ( #2473, #346, #1173, #1331 ),
 .UNSPECIFIED., .F., .F.,
 ( 4, 4 ),
 ( 2.380742992388530912E-07, 0.001606744326298687950 ),
 .UNSPECIFIED. ) ;
#1890 = CARTESIAN_POINT ( 'NONE',  ( 0.8660254037844384856, 1.500000000000000222, -0.5416666666666665186 ) ) ;
#1891 = CARTESIAN_POINT ( 'NONE',  ( 1.439254484199190365E-16, -1.175240473580836165, -0.5000000000000011102 ) ) ;
#1892 = COORDINATED_UNIVERSAL_TIME_OFFSET ( 6, 0, .BEHIND. ) ;
#1893 = DIRECTION ( 'NONE',  ( 0.000000000000000000, 0.000000000000000000, -1.000000000000000000 ) ) ;
#1894 = CARTESIAN_POINT ( 'NONE',  ( 0.000000000000000000, 1.175240473580836165, -2.312500000000001332 ) ) ;
#1895 = CARTESIAN_POINT ( 'NONE',  ( -1.357050807568877859, -2.492861891654335783E-16, -2.187500000000000888 ) ) ;
#1896 = DIRECTION ( 'NONE',  ( 0.000000000000000000, 0.000000000000000000, 1.000000000000000000 ) ) ;
#1897 = VECTOR ( 'NONE', #563, 1000.000000000000227 ) ;
#1898 = CARTESIAN_POINT ( 'NONE',  ( 1.322475605676659782, -0.7635316469341324463, -1.213541666666668295 ) ) ;
#1899 = ORIENTED_EDGE ( 'NONE', *, *, #2360, .T. ) ;
#1900 = DIRECTION ( 'NONE',  ( 0.000000000000000000, 0.000000000000000000, 1.000000000000000000 ) ) ;
#1901 = CARTESIAN_POINT ( 'NONE',  ( -1.500000000000000222, 0.4019237886466840437, -0.3973290993692601414 ) ) ;
#1902 = CARTESIAN_POINT ( 'NONE',  ( -1.374999999999999334, -2.381569860407206640, 0.000000000000000000 ) ) ;
#1903 = CARTESIAN_POINT ( 'NONE',  ( -1.017788105676658894, 0.5876202367904171942, -1.166666666666667629 ) ) ;
#1904 = APPROVAL_ROLE ( '' ) ;
#1905 = CARTESIAN_POINT ( 'NONE',  ( -1.499999999999999112, 0.4019237886466856535, -3.897329099369259975 ) ) ;
#1906 =( BOUNDED_CURVE ( )  B_SPLINE_CURVE ( 2, ( #938, #1538, #1714, #2478, #740, #2305, #1523, #2115, #1170 ),
 .UNSPECIFIED., .F., .F. ) 
 B_SPLINE_CURVE_WITH_KNOTS ( ( 3, 2, 2, 2, 3 ),
 ( 0.4722222222222222099, 0.4814814814814814548, 0.5000000000000000000, 0.5185185185185184897, 0.5277777777777777901 ),
 .UNSPECIFIED. ) 
 CURVE ( )  GEOMETRIC_REPRESENTATION_ITEM ( )  RATIONAL_B_SPLINE_CURVE ( ( 0.9330127018922194093, 0.9330127018922194093, 1.000000000000000000, 0.8660254037844387076, 1.000000000000000000, 0.8660254037844387076, 1.000000000000000000, 0.9330127018922194093, 0.9330127018922194093 ) ) 
 REPRESENTATION_ITEM ( '' )  );
#1907 = CARTESIAN_POINT ( 'NONE',  ( 0.6785254037844388186, 1.175240473580835943, 0.2083333333333322879 ) ) ;
#1908 = DIRECTION ( 'NONE',  ( 0.000000000000000000, 0.000000000000000000, -1.000000000000000000 ) ) ;
#1909 = CARTESIAN_POINT ( 'NONE',  ( -0.4480040973461542064, -1.175240473580835943, -3.590010889474896771 ) ) ;
#1910 = CYLINDRICAL_SURFACE ( 'NONE', #347, 4.000000000000000000 ) ;
#1911 = CARTESIAN_POINT ( 'NONE',  ( -1.322475605676660226, 0.7635316469341316692, -1.463541666666668073 ) ) ;
#1912 = CARTESIAN_POINT ( 'NONE',  ( 1.299038105676658228, -0.7499999999999997780, -1.229166666666669183 ) ) ;
#1913 = CARTESIAN_POINT ( 'NONE',  ( 1.439254484199190365E-16, -1.175240473580836165, -0.5625000000000009992 ) ) ;
#1914 = CARTESIAN_POINT ( 'NONE',  ( 0.000000000000000000, 1.500000000000000222, -2.999999999999999556 ) ) ;
#1915 = CARTESIAN_POINT ( 'NONE',  ( 0.6785254037844388186, 1.175240473580835943, -0.2916666666666676844 ) ) ;
#1916 = CARTESIAN_POINT ( 'NONE',  ( -1.157317735452690455, 0.9954668816953842203, -3.930303715649742902 ) ) ;
#1917 = CARTESIAN_POINT ( 'NONE',  ( -0.6785254037844385966, -1.175240473580836165, -1.541666666666667851 ) ) ;
#1918 = EDGE_CURVE ( 'NONE', #1777, #1484, #2124, .T. ) ;
#1919 = CARTESIAN_POINT ( 'NONE',  ( -1.357050807568877859, -2.492861891654335783E-16, -4.187500000000000888 ) ) ;
#1920 = FACE_OUTER_BOUND ( 'NONE', #321, .T. ) ;
#1921 = CARTESIAN_POINT ( 'NONE',  ( -2.700869069927281042E-15, 3.175426480542939078, -3.000000000000000888 ) ) ;
#1922 = CARTESIAN_POINT ( 'NONE',  ( -1.322475605676660226, 0.7635316469341316692, -1.963541666666668517 ) ) ;
#1923 = CARTESIAN_POINT ( 'NONE',  ( -1.500000000000000222, 1.836970198721030181E-16, -3.000000000000000888 ) ) ;
#1924 = CARTESIAN_POINT ( 'NONE',  ( 0.6785254037844388186, 1.175240473580835943, -0.3541666666666676844 ) ) ;
#1925 = CARTESIAN_POINT ( 'NONE',  ( -1.492408474020897380, 0.1507214207424311392, -3.945873412263470659 ) ) ;
#1926 = CARTESIAN_POINT ( 'NONE',  ( 1.017788105676658450, 0.5876202367904181934, -0.3333333333333343695 ) ) ;
#1927 = CARTESIAN_POINT ( 'NONE',  ( 1.439254484199190365E-16, -1.175240473580836165, -1.084202172485504434E-15 ) ) ;
#1928 = EDGE_CURVE ( 'NONE', #2278, #835, #951, .T. ) ;
#1929 = DIRECTION ( 'NONE',  ( 1.000000000000000000, 0.000000000000000000, 0.000000000000000000 ) ) ;
#1930 = CARTESIAN_POINT ( 'NONE',  ( -0.6323196780714323006, -1.208226264420720231, -0.2024767931529029841 ) ) ;
#1931 = CYLINDRICAL_SURFACE ( 'NONE', #763, 1.500000000000000222 ) ;
#1932 =( BOUNDED_CURVE ( )  B_SPLINE_CURVE ( 2, ( #143, #545, #950, #1726, #1338 ),
 .UNSPECIFIED., .F., .T. ) 
 B_SPLINE_CURVE_WITH_KNOTS ( ( 3, 2, 3 ),
 ( 0.01185725362681489155, 0.01851851851851851749, 0.02777777777777777624 ),
 .UNSPECIFIED. ) 
 CURVE ( )  GEOMETRIC_REPRESENTATION_ITEM ( )  RATIONAL_B_SPLINE_CURVE ( ( 0.9382864135694539698, 0.9518082251958520645, 1.000000000000000000, 0.9330127018922192983, 0.9330127018922194093 ) ) 
 REPRESENTATION_ITEM ( '' )  );
#1933 = CARTESIAN_POINT ( 'NONE',  ( 1.870113174931185594E-16, -1.527063293868265559, -1.796875000000001554 ) ) ;
#1934 = CARTESIAN_POINT ( 'NONE',  ( -1.357050807568877859, -2.492861891654335783E-16, -3.187500000000000888 ) ) ;
#1935 = CARTESIAN_POINT ( 'NONE',  ( 1.329696761950402539, 0.1644236226833170889, -3.775570174211078101 ) ) ;
#1936 = B_SPLINE_CURVE_WITH_KNOTS ( 'NONE', 3,
 ( #285, #2228, #483, #450 ),
 .UNSPECIFIED., .F., .F.,
 ( 4, 4 ),
 ( 1.694594902571770758E-17, 5.595521669698607471E-05 ),
 .UNSPECIFIED. ) ;
#1937 = CARTESIAN_POINT ( 'NONE',  ( 1.357050807568877859, 8.309539638847786353E-17, 0.1249999999999989314 ) ) ;
#1938 = CARTESIAN_POINT ( 'NONE',  ( 2.749999999999997335, 1.587713240271469317, -3.000000000000000888 ) ) ;
#1939 = FACE_OUTER_BOUND ( 'NONE', #1308, .T. ) ;
#1940 = PLANE ( 'NONE',  #1742 ) ;
#1941 = FACE_OUTER_BOUND ( 'NONE', #413, .T. ) ;
#1942 = CARTESIAN_POINT ( 'NONE',  ( -1.322475605676660226, 0.7635316469341316692, -2.463541666666668295 ) ) ;
#1943 = CARTESIAN_POINT ( 'NONE',  ( -1.017788105676658894, 0.5876202367904171942, -2.729166666666667407 ) ) ;
#1944 = DIRECTION ( 'NONE',  ( 1.000000000000000000, 0.000000000000000000, 0.000000000000000000 ) ) ;
#1945 = CARTESIAN_POINT ( 'NONE',  ( -1.017788105676658228, -0.5876202367904186374, -0.08333333333333439730 ) ) ;
#1946 = ORIENTED_EDGE ( 'NONE', *, *, #3, .F. ) ;
#1947 = LINE ( 'NONE', #809, #796 ) ;
#1948 = CARTESIAN_POINT ( 'NONE',  ( 1.173961897284921285, -0.05480542368868306785, -0.3788861141556922330 ) ) ;
#1949 = CARTESIAN_POINT ( 'NONE',  ( 2.525629923208371430, 1.717253364505212376, -0.1708300674639739447 ) ) ;
#1950 = DIRECTION ( 'NONE',  ( 0.000000000000000000, 0.000000000000000000, 1.000000000000000000 ) ) ;
#1951 = CARTESIAN_POINT ( 'NONE',  ( -1.322475605676659338, -0.7635316469341334455, -3.380208333333334814 ) ) ;
#1952 = ADVANCED_FACE ( 'NONE', ( #2333 ), #1411, .F. ) ;
#1953 = ADVANCED_FACE ( 'NONE', ( #1941 ), #1580, .F. ) ;
#1954 = CARTESIAN_POINT ( 'NONE',  ( -1.017788105676658228, -0.5876202367904186374, -3.145833333333334370 ) ) ;
#1955 = CARTESIAN_POINT ( 'NONE',  ( -0.9377857391095553163, 0.7721046056140815628, -3.657843638744471715 ) ) ;
#1956 = CARTESIAN_POINT ( 'NONE',  ( 1.357050807568877859, 8.309539638847786353E-17, -3.875000000000001332 ) ) ;
#1957 = VERTEX_POINT ( 'NONE', #1921 ) ;
#1958 = CARTESIAN_POINT ( 'NONE',  ( 0.8660254037844384856, 1.500000000000000000, -1.604166666666669183 ) ) ;
#1959 = CARTESIAN_POINT ( 'NONE',  ( 0.000000000000000000, 0.000000000000000000, -3.000000000000000888 ) ) ;
#1960 = CARTESIAN_POINT ( 'NONE',  ( 0.7544229964615388750, -1.197965302697548529, -0.1498119471290895732 ) ) ;
#1961 = CARTESIAN_POINT ( 'NONE',  ( 0.000000000000000000, 0.000000000000000000, -3.000000000000000888 ) ) ;
#1962 = CARTESIAN_POINT ( 'NONE',  ( 0.000000000000000000, 0.000000000000000000, 0.000000000000000000 ) ) ;
#1963 = CARTESIAN_POINT ( 'NONE',  ( -0.8816504037844405950, 1.527063293868265115, -2.505208333333334814 ) ) ;
#1964 = ORIENTED_EDGE ( 'NONE', *, *, #2002, .T. ) ;
#1965 = CC_DESIGN_APPROVAL ( #1690, ( #197 ) ) ;
#1966 = CARTESIAN_POINT ( 'NONE',  ( 1.017788105676658450, 0.5876202367904181934, -1.395833333333334370 ) ) ;
#1967 = FACE_BOUND ( 'NONE', #211, .T. ) ;
#1968 = ORIENTED_EDGE ( 'NONE', *, *, #636, .T. ) ;
#1969 = CARTESIAN_POINT ( 'NONE',  ( 1.017788105676658450, -0.5876202367904178603, -3.416666666666667851 ) ) ;
#1970 = CIRCLE ( 'NONE', #626, 1.554126587736530007 ) ;
#1971 = ORIENTED_EDGE ( 'NONE', *, *, #2187, .F. ) ;
#1972 = CARTESIAN_POINT ( 'NONE',  ( -1.500000000000000222, -6.100733027540754016E-16, -3.937500000000001776 ) ) ;
#1973 = PLANE ( 'NONE',  #2302 ) ;
#1974 = LINE ( 'NONE', #1224, #1540 ) ;
#1975 = CARTESIAN_POINT ( 'NONE',  ( -2.525629923208234651, -1.717253364505292312, -0.1708300674639359196 ) ) ;
#1976 = CARTESIAN_POINT ( 'NONE',  ( -1.299038105676657784, -0.7500000000000007772, -1.895833333333335702 ) ) ;
#1977 = CARTESIAN_POINT ( 'NONE',  ( -1.322475605676660226, 0.7635316469341316692, -3.963541666666668295 ) ) ;
#1978 = ORIENTED_EDGE ( 'NONE', *, *, #1487, .T. ) ;
#1979 = CARTESIAN_POINT ( 'NONE',  ( -1.357050807568877859, -2.492861891654335783E-16, -0.6875000000000009992 ) ) ;
#1980 = CARTESIAN_POINT ( 'NONE',  ( -1.322475605676659116, -0.7635316469341333345, -3.848958333333333481 ) ) ;
#1981 = CARTESIAN_POINT ( 'NONE',  ( 1.357050807568877859, 8.309539638847786353E-17, -2.937500000000000888 ) ) ;
#1982 = CARTESIAN_POINT ( 'NONE',  ( 0.000000000000000000, 0.000000000000000000, 0.000000000000000000 ) ) ;
#1983 = ORIENTED_EDGE ( 'NONE', *, *, #750, .F. ) ;
#1984 = CARTESIAN_POINT ( 'NONE',  ( -1.017788105676658228, -0.5876202367904186374, -2.583333333333334370 ) ) ;
#1985 = EDGE_CURVE ( 'NONE', #835, #2477, #982, .T. ) ;
#1986 = ORIENTED_EDGE ( 'NONE', *, *, #3, .T. ) ;
#1987 = LINE ( 'NONE', #1938, #550 ) ;
#1988 = CARTESIAN_POINT ( 'NONE',  ( -1.017788105676658894, 0.5876202367904171942, -0.6666666666666677399 ) ) ;
#1989 = ADVANCED_FACE ( 'NONE', ( #973 ), #1466, .F. ) ;
#1990 = LINE ( 'NONE', #612, #1088 ) ;
#1991 = CARTESIAN_POINT ( 'NONE',  ( 1.500000000000000222, 0.4019237886466843213, -0.6651709006307421346 ) ) ;
#1992 = CARTESIAN_POINT ( 'NONE',  ( -1.500000000000000222, -6.100733027540754016E-16, -1.937500000000002887 ) ) ;
#1993 = ORIENTED_EDGE ( 'NONE', *, *, #323, .T. ) ;
#1994 = CARTESIAN_POINT ( 'NONE',  ( 1.017788105676658450, 0.5876202367904181934, -0.3958333333333343140 ) ) ;
#1995 = CARTESIAN_POINT ( 'NONE',  ( 1.322475605676659560, -0.7635316469341323353, -3.182291666666666963 ) ) ;
#1996 = CARTESIAN_POINT ( 'NONE',  ( -0.8816504037844390407, -1.527063293868266003, -0.3072916666666672958 ) ) ;
#1997 = DIRECTION ( 'NONE',  ( 1.000000000000000000, 0.000000000000000000, -0.000000000000000000 ) ) ;
#1998 = ORIENTED_EDGE ( 'NONE', *, *, #485, .F. ) ;
#1999 = CARTESIAN_POINT ( 'NONE',  ( 0.000000000000000000, 1.175240473580836165, -2.750000000000001332 ) ) ;
#2000 = VERTEX_POINT ( 'NONE', #1735 ) ;
#2001 = CARTESIAN_POINT ( 'NONE',  ( -1.173961897284920175, -0.05480542368870736092, -3.621113885844308378 ) ) ;
#2002 = EDGE_CURVE ( 'NONE', #1824, #1484, #913, .T. ) ;
#2003 = CARTESIAN_POINT ( 'NONE',  ( -1.500000000000000222, -5.810221930991193690E-16, -3.374999999999999112 ) ) ;
#2004 = CARTESIAN_POINT ( 'NONE',  ( -1.499999999999999778, -0.4019237886466846543, -3.915170900630741802 ) ) ;
#2005 = ORIENTED_EDGE ( 'NONE', *, *, #253, .T. ) ;
#2006 = B_SPLINE_CURVE_WITH_KNOTS ( 'NONE', 3,
 ( #2311, #2122, #152, #946, #959, #382 ),
 .UNSPECIFIED., .F., .F.,
 ( 4, 2, 4 ),
 ( 0.009081703861353856294, 0.009885504812820054138, 0.01068930576428625372 ),
 .UNSPECIFIED. ) ;
#2007 = VERTEX_POINT ( 'NONE', #1034 ) ;
#2008 = CARTESIAN_POINT ( 'NONE',  ( 1.408281818154278886, 0.4383414714565594394, -0.08330341692464619807 ) ) ;
#2009 = CARTESIAN_POINT ( 'NONE',  ( -2.749999999999999112, 1.587713240271468873, -3.000000000000000888 ) ) ;
#2010 = CARTESIAN_POINT ( 'NONE',  ( -0.8816504037844390407, -1.527063293868266003, -1.307291666666667407 ) ) ;
#2011 = CARTESIAN_POINT ( 'NONE',  ( -1.500000000000000222, -6.100733027540754016E-16, -2.937500000000002220 ) ) ;
#2012 = ORIENTED_EDGE ( 'NONE', *, *, #461, .T. ) ;
#2013 = CARTESIAN_POINT ( 'NONE',  ( 1.439254484199190365E-16, -1.175240473580836165, -2.500000000000000888 ) ) ;
#2014 = CONICAL_SURFACE ( 'NONE', #926, 2.750000000000000000, 1.047197551196600074 ) ;
#2015 = ORIENTED_EDGE ( 'NONE', *, *, #1478, .F. ) ;
#2016 = CARTESIAN_POINT ( 'NONE',  ( -0.6785254037844385966, -1.175240473580836387, -3.541666666666667851 ) ) ;
#2017 = VECTOR ( 'NONE', #2446, 1000.000000000000000 ) ;
#2018 = CARTESIAN_POINT ( 'NONE',  ( -2.749999999999999112, 0.5409249789879033710, -0.02374982785219886122 ) ) ;
#2019 = CARTESIAN_POINT ( 'NONE',  ( -1.049734301669038361, -0.6457111695213241243, -3.675180143366291396 ) ) ;
#2020 = ORIENTED_EDGE ( 'NONE', *, *, #1174, .F. ) ;
#2021 = CARTESIAN_POINT ( 'NONE',  ( -1.299038105676658006, -0.7500000000000006661, -2.833333333333333037 ) ) ;
#2022 = CARTESIAN_POINT ( 'NONE',  ( -0.8816504037844390407, -1.527063293868266003, -3.307291666666666963 ) ) ;
#2023 = EDGE_CURVE ( 'NONE', #2201, #1463, #73, .T. ) ;
#2024 = CARTESIAN_POINT ( 'NONE',  ( 0.8816504037844401509, -1.527063293868264893, -1.723958333333333925 ) ) ;
#2025 = CARTESIAN_POINT ( 'NONE',  ( 1.500000000000000222, -0.4019237886466840437, -0.1473290993692601136 ) ) ;
#2026 = CARTESIAN_POINT ( 'NONE',  ( -1.357050807568877859, -2.492861891654335783E-16, -1.187500000000001110 ) ) ;
#2027 = EDGE_LOOP ( 'NONE', ( #2373, #2147, #2352, #1132 ) ) ;
#2028 = CARTESIAN_POINT ( 'NONE',  ( 0.6785254037844388186, 1.175240473580835943, -2.791666666666667851 ) ) ;
#2029 = CARTESIAN_POINT ( 'NONE',  ( 1.184435118395203101, -2.748234973358834664E-14, -0.3696914693413250186 ) ) ;
#2030 = CARTESIAN_POINT ( 'NONE',  ( -0.6785254037844395958, 1.175240473580835499, -1.708333333333334370 ) ) ;
#2031 = CARTESIAN_POINT ( 'NONE',  ( 0.6785254037844393737, -1.175240473580835721, -4.020833333333333925 ) ) ;
#2032 = EDGE_CURVE ( 'NONE', #1228, #463, #2337, .T. ) ;
#2033 = CARTESIAN_POINT ( 'NONE',  ( 1.375000000000001110, -2.381569860407205752, 0.000000000000000000 ) ) ;
#2034 = ORIENTED_EDGE ( 'NONE', *, *, #636, .F. ) ;
#2035 = CARTESIAN_POINT ( 'NONE',  ( 1.284312839715831656, 0.7472635071923624528, -0.07240598683550854286 ) ) ;
#2036 = CARTESIAN_POINT ( 'NONE',  ( 1.870113174931185101E-16, -1.527063293868265337, -3.265625000000000444 ) ) ;
#2037 = ADVANCED_FACE ( 'NONE', ( #647 ), #1828, .T. ) ;
#2038 = CARTESIAN_POINT ( 'NONE',  ( 1.322475605676659560, -0.7635316469341323353, -1.182291666666667185 ) ) ;
#2039 = CARTESIAN_POINT ( 'NONE',  ( -2.749999999999998668, -0.5350914839159527370, -0.02309699843655910884 ) ) ;
#2040 = ORIENTED_EDGE ( 'NONE', *, *, #718, .T. ) ;
#2041 = CARTESIAN_POINT ( 'NONE',  ( 0.000000000000000000, 1.175240473580836165, -2.750000000000001332 ) ) ;
#2042 = CARTESIAN_POINT ( 'NONE',  ( 0.000000000000000000, 1.500000000000000222, -1.000000000000000000 ) ) ;
#2043 = CARTESIAN_POINT ( 'NONE',  ( -1.357050807568877859, -2.492861891654335783E-16, -1.625000000000001110 ) ) ;
#2044 = CARTESIAN_POINT ( 'NONE',  ( 1.017788105676658450, 0.5876202367904181934, -2.895833333333334370 ) ) ;
#2045 = CARTESIAN_POINT ( 'NONE',  ( 0.000000000000000000, 0.000000000000000000, 0.000000000000000000 ) ) ;
#2046 = VERTEX_POINT ( 'NONE', #2068 ) ;
#2047 = LINE ( 'NONE', #153, #1212 ) ;
#2048 = CARTESIAN_POINT ( 'NONE',  ( 0.000000000000000000, 1.500000000000000222, -0.06250000000000252576 ) ) ;
#2049 = VERTEX_POINT ( 'NONE', #2398 ) ;
#2050 = CARTESIAN_POINT ( 'NONE',  ( 1.439254484199190365E-16, -1.175240473580836165, -4.062500000000000000 ) ) ;
#2051 = CARTESIAN_POINT ( 'NONE',  ( -2.749999999999998668, -1.329258189706181259, -0.1710105465532019142 ) ) ;
#2052 = CC_DESIGN_DATE_AND_TIME_ASSIGNMENT ( #2093, #745, ( #197 ) ) ;
#2053 = CARTESIAN_POINT ( 'NONE',  ( -1.357050807568877859, -2.492861891654335783E-16, -2.125000000000000888 ) ) ;
#2054 = PERSON_AND_ORGANIZATION ( #1372, #467 ) ;
#2055 = CARTESIAN_POINT ( 'NONE',  ( 0.000000000000000000, 1.175240473580836165, -1.750000000000001110 ) ) ;
#2056 = CARTESIAN_POINT ( 'NONE',  ( 0.6785254037844388186, 1.175240473580835943, -2.354166666666667407 ) ) ;
#2057 = APPROVAL_PERSON_ORGANIZATION ( #2469, #780, #1528 ) ;
#2058 = CONICAL_SURFACE ( 'NONE', #2460, 1.554126587736530007, 0.7853981633974500554 ) ;
#2059 = AXIS2_PLACEMENT_3D ( 'NONE', #746, #2347, #1425 ) ;
#2060 = EDGE_LOOP ( 'NONE', ( #1061, #1062, #240, #2243 ) ) ;
#2061 = CARTESIAN_POINT ( 'NONE',  ( 1.017788105676658450, 0.5876202367904181934, -1.895833333333334370 ) ) ;
#2062 = CARTESIAN_POINT ( 'NONE',  ( 1.500000000000001332, 0.4019237886466820453, -3.665170900630742246 ) ) ;
#2063 = ADVANCED_BREP_SHAPE_REPRESENTATION ( '93033A107_18-8 Stainless Steel Flange Nut', ( #2432, #1092 ), #1696 ) ;
#2064 = EDGE_LOOP ( 'NONE', ( #2005, #616, #2400, #1689 ) ) ;
#2065 = CARTESIAN_POINT ( 'NONE',  ( 0.000000000000000000, 1.527063293868265337, -2.515625000000000444 ) ) ;
#2066 = CARTESIAN_POINT ( 'NONE',  ( 0.8660254037844393737, -1.499999999999999778, -1.208333333333333703 ) ) ;
#2067 =( BOUNDED_CURVE ( )  B_SPLINE_CURVE ( 2, ( #2075, #509, #725, #1871, #2048, #1296, #310 ),
 .UNSPECIFIED., .F., .T. ) 
 B_SPLINE_CURVE_WITH_KNOTS ( ( 3, 2, 2, 3 ),
 ( 0.8611111111111111605, 0.8703703703703703498, 0.8888888888888888395, 0.8909453456812466143 ),
 .UNSPECIFIED. ) 
 CURVE ( )  GEOMETRIC_REPRESENTATION_ITEM ( )  RATIONAL_B_SPLINE_CURVE ( ( 0.9330127018922194093, 0.9330127018922197424, 1.000000000000000000, 0.8660254037844387076, 1.000000000000000000, 0.9851222997068924681, 0.9735488969786066926 ) ) 
 REPRESENTATION_ITEM ( '' )  );
#2068 = CARTESIAN_POINT ( 'NONE',  ( 1.500000000000000444, -1.074891057233370936E-15, -0.6250000000000000000 ) ) ;
#2069 = CARTESIAN_POINT ( 'NONE',  ( -1.017788105676658228, -0.5876202367904186374, -3.583333333333334370 ) ) ;
#2070 = CARTESIAN_POINT ( 'NONE',  ( -1.017788105676658228, -0.5876202367904186374, -2.583333333333334370 ) ) ;
#2071 = CARTESIAN_POINT ( 'NONE',  ( 0.000000000000000000, 1.175240473580836165, -3.812500000000001332 ) ) ;
#2072 = EDGE_CURVE ( 'NONE', #2007, #2078, #699, .T. ) ;
#2073 = ORIENTED_EDGE ( 'NONE', *, *, #2361, .T. ) ;
#2074 = CARTESIAN_POINT ( 'NONE',  ( 0.6785254037844392627, -1.175240473580835943, -3.020833333333334814 ) ) ;
#2075 = CARTESIAN_POINT ( 'NONE',  ( 1.500000000000000222, -1.074891057233370936E-15, -0.1875000000000025813 ) ) ;
#2076 = CARTESIAN_POINT ( 'NONE',  ( 0.8816504037844393737, 1.527063293868265781, -0.08854166666666829499 ) ) ;
#2077 = CARTESIAN_POINT ( 'NONE',  ( 1.017788105676658450, -0.5876202367904178603, -0.4791666666666676844 ) ) ;
#2078 = VERTEX_POINT ( 'NONE', #1112 ) ;
#2079 = DIRECTION ( 'NONE',  ( 0.000000000000000000, 0.000000000000000000, 1.000000000000000000 ) ) ;
#2080 = DIRECTION ( 'NONE',  ( 1.000000000000000000, 0.000000000000000000, 0.000000000000000000 ) ) ;
#2081 = CARTESIAN_POINT ( 'NONE',  ( -1.017788105676658228, -0.5876202367904186374, -2.083333333333334370 ) ) ;
#2082 = PERSON_AND_ORGANIZATION ( #1372, #467 ) ;
#2083 = LINE ( 'NONE', #2484, #554 ) ;
#2084 = CARTESIAN_POINT ( 'NONE',  ( -1.357050807568877859, -2.492861891654335783E-16, -3.687500000000001332 ) ) ;
#2085 = CARTESIAN_POINT ( 'NONE',  ( -0.6785254037844385966, -1.175240473580836387, -2.104166666666667851 ) ) ;
#2086 = DIRECTION ( 'NONE',  ( 0.000000000000000000, 0.000000000000000000, 1.000000000000000000 ) ) ;
#2087 = EDGE_CURVE ( 'NONE', #1463, #1957, #1404, .T. ) ;
#2088 = ORIENTED_EDGE ( 'NONE', *, *, #1136, .F. ) ;
#2089 = DIRECTION ( 'NONE',  ( 1.000000000000000000, 0.000000000000000000, 0.000000000000000000 ) ) ;
#2090 = DIRECTION ( 'NONE',  ( 0.000000000000000000, 0.000000000000000000, -1.000000000000000000 ) ) ;
#2091 = CARTESIAN_POINT ( 'NONE',  ( 0.8738646895061932263, -1.072865822111599199, -3.826478859861157655 ) ) ;
#2092 = CARTESIAN_POINT ( 'NONE',  ( 0.6785254037844393737, -1.175240473580835721, -0.9583333333333344806 ) ) ;
#2093 = DATE_AND_TIME ( #330, #2419 ) ;
#2094 = CARTESIAN_POINT ( 'NONE',  ( 0.2243700767916259886, -3.045886356309196685, -0.1708300674639741390 ) ) ;
#2095 = CARTESIAN_POINT ( 'NONE',  ( 0.6785254037844393737, -1.175240473580835721, 0.04166666666666560270 ) ) ;
#2096 = FACE_OUTER_BOUND ( 'NONE', #1586, .T. ) ;
#2097 = AXIS2_PLACEMENT_3D ( 'NONE', #192, #265, #1084 ) ;
#2098 = CARTESIAN_POINT ( 'NONE',  ( 1.357050807568877859, 8.309539638847786353E-17, -3.437500000000000888 ) ) ;
#2099 = DIRECTION ( 'NONE',  ( -0.000000000000000000, -0.000000000000000000, 1.000000000000000000 ) ) ;
#2100 = CARTESIAN_POINT ( 'NONE',  ( -1.322475605676660226, 0.7635316469341316692, -0.9635416666666681840 ) ) ;
#2101 = CYLINDRICAL_SURFACE ( 'NONE', #469, 1.500000000000000222 ) ;
#2102 = EDGE_CURVE ( 'NONE', #191, #820, #2176, .T. ) ;
#2103 = CARTESIAN_POINT ( 'NONE',  ( 1.836970198721030427E-16, -1.500000000000000222, -3.812500000000002220 ) ) ;
#2104 = CARTESIAN_POINT ( 'NONE',  ( -1.292116504068216321, -0.7057789647209031791, -3.915284506261131003 ) ) ;
#2105 = CARTESIAN_POINT ( 'NONE',  ( 0.000000000000000000, 0.000000000000000000, -3.000000000000000888 ) ) ;
#2106 = CARTESIAN_POINT ( 'NONE',  ( -1.017788105676658228, -0.5876202367904186374, -1.583333333333334370 ) ) ;
#2107 = DIRECTION ( 'NONE',  ( 0.8660254037844387076, -0.4999999999999998335, 0.000000000000000000 ) ) ;
#2108 = CARTESIAN_POINT ( 'NONE',  ( 0.6785254037844388186, 1.175240473580835943, -0.7916666666666677399 ) ) ;
#2109 = CARTESIAN_POINT ( 'NONE',  ( 0.000000000000000000, 0.000000000000000000, 0.000000000000000000 ) ) ;
#2110 = ADVANCED_FACE ( 'NONE', ( #267 ), #923, .T. ) ;
#2111 = CARTESIAN_POINT ( 'NONE',  ( 1.500000000000000222, 2.033577675846917841E-16, -2.124999999999999556 ) ) ;
#2112 = CARTESIAN_POINT ( 'NONE',  ( 1.299038105676658228, -0.7499999999999997780, -3.229166666666669183 ) ) ;
#2113 =( BOUNDED_CURVE ( )  B_SPLINE_CURVE ( 2, ( #1612, #2025, #1641, #274, #1767, #28, #2200, #2171, #607 ),
 .UNSPECIFIED., .F., .T. ) 
 B_SPLINE_CURVE_WITH_KNOTS ( ( 3, 2, 2, 2, 3 ),
 ( 0.02777777777777777971, 0.03703703703703703498, 0.05555555555555555247, 0.07407407407407406996, 0.08333333333333334259 ),
 .UNSPECIFIED. ) 
 CURVE ( )  GEOMETRIC_REPRESENTATION_ITEM ( )  RATIONAL_B_SPLINE_CURVE ( ( 0.9330127018922194093, 0.9330127018922194093, 1.000000000000000000, 0.8660254037844387076, 1.000000000000000000, 0.8660254037844387076, 1.000000000000000000, 0.9330127018922191873, 0.9330127018922192983 ) ) 
 REPRESENTATION_ITEM ( '' )  );
#2114 = CARTESIAN_POINT ( 'NONE',  ( 1.870113174931185594E-16, -1.527063293868265559, 0.2031249999999983347 ) ) ;
#2115 = CARTESIAN_POINT ( 'NONE',  ( -1.499999999999999778, -0.4019237886466845988, -2.352670900630739137 ) ) ;
#2116 = EDGE_CURVE ( 'NONE', #1028, #502, #2155, .T. ) ;
#2117 = CARTESIAN_POINT ( 'NONE',  ( 1.299038105676658228, 0.7500000000000003331, -0.5833333333333331483 ) ) ;
#2118 = CARTESIAN_POINT ( 'NONE',  ( 1.299038105676658228, -0.7499999999999997780, -0.2291666666666691554 ) ) ;
#2119 = CARTESIAN_POINT ( 'NONE',  ( -0.6785254037844395958, 1.175240473580835721, -1.208333333333334147 ) ) ;
#2120 = CALENDAR_DATE ( 2026, 7, 1 ) ;
#2121 = CARTESIAN_POINT ( 'NONE',  ( 1.017788105676658450, 0.5876202367904181934, -1.833333333333334370 ) ) ;
#2122 = CARTESIAN_POINT ( 'NONE',  ( 2.749999999999996891, 1.330935338195259554, -0.1714946976190362404 ) ) ;
#2123 = CARTESIAN_POINT ( 'NONE',  ( 1.836970198721030181E-16, -1.500000000000000222, -0.7499999999999998890 ) ) ;
#2124 = LINE ( 'NONE', #1533, #2497 ) ;
#2125 = CARTESIAN_POINT ( 'NONE',  ( 0.000000000000000000, 1.527063293868265559, -1.546875000000001776 ) ) ;
#2126 = CARTESIAN_POINT ( 'NONE',  ( 1.357050807568877859, 8.309539638847786353E-17, 0.06249999999999897304 ) ) ;
#2127 = CARTESIAN_POINT ( 'NONE',  ( 0.6948175931441282760, 1.094046397044259766, -3.731523406497902595 ) ) ;
#2128 = DIRECTION ( 'NONE',  ( 1.000000000000000000, 0.000000000000000000, 0.000000000000000000 ) ) ;
#2129 = CARTESIAN_POINT ( 'NONE',  ( -1.554126587736530007, 0.000000000000000000, -4.000000000000000888 ) ) ;
#2130 = CARTESIAN_POINT ( 'NONE',  ( -1.017788105676658228, -0.5876202367904186374, -4.145833333333333925 ) ) ;
#2131 = CARTESIAN_POINT ( 'NONE',  ( 0.000000000000000000, 0.000000000000000000, -3.000000000000000888 ) ) ;
#2132 = CARTESIAN_POINT ( 'NONE',  ( -2.299387885565412404, -1.847874265840385277, -0.1090894304640807194 ) ) ;
#2133 = CARTESIAN_POINT ( 'NONE',  ( 1.322475605676659560, 0.7635316469341330015, -3.130208333333335258 ) ) ;
#2134 = AXIS2_PLACEMENT_3D ( 'NONE', #402, #33, #2369 ) ;
#2135 = CARTESIAN_POINT ( 'NONE',  ( 1.017788105676658450, 0.5876202367904181934, -3.895833333333333925 ) ) ;
#2136 = CARTESIAN_POINT ( 'NONE',  ( -2.749999999999999112, -1.587713240271470427, -3.000000000000000888 ) ) ;
#2137 = CARTESIAN_POINT ( 'NONE',  ( 1.017788105676658450, -0.5876202367904178603, -0.9166666666666676289 ) ) ;
#2138 = EDGE_LOOP ( 'NONE', ( #852, #910, #667, #1026 ) ) ;
#2139 = CARTESIAN_POINT ( 'NONE',  ( -1.500000000000000444, 1.801168798607270271E-15, -1.375000000000000222 ) ) ;
#2140 = CARTESIAN_POINT ( 'NONE',  ( 1.500000000000000222, -4.561024215828087150E-15, -2.624999999999999112 ) ) ;
#2141 = EDGE_CURVE ( 'NONE', #841, #1054, #556, .T. ) ;
#2142 = CARTESIAN_POINT ( 'NONE',  ( 1.375000000000001110, -2.381569860407205752, 0.000000000000000000 ) ) ;
#2143 = CARTESIAN_POINT ( 'NONE',  ( -1.763300807568879414, -3.239131034884756543E-16, -2.921875000000001776 ) ) ;
#2144 = CARTESIAN_POINT ( 'NONE',  ( 1.439254484199190365E-16, -1.175240473580836165, -3.562500000000000888 ) ) ;
#2145 = CARTESIAN_POINT ( 'NONE',  ( 0.8660254037844392627, -1.499999999999999778, -0.2708333333333358128 ) ) ;
#2146 = CARTESIAN_POINT ( 'NONE',  ( 0.000000000000000000, 1.175240473580836165, -3.250000000000001332 ) ) ;
#2147 = ORIENTED_EDGE ( 'NONE', *, *, #1376, .T. ) ;
#2148 = CARTESIAN_POINT ( 'NONE',  ( -0.8660254037844381525, -1.500000000000000666, -3.291666666666666519 ) ) ;
#2149 = CYLINDRICAL_SURFACE ( 'NONE', #2134, 1.500000000000000222 ) ;
#2150 = DIRECTION ( 'NONE',  ( 0.8660254037844382635, 0.5000000000000004441, 0.000000000000000000 ) ) ;
#2151 = CARTESIAN_POINT ( 'NONE',  ( 0.000000000000000000, 0.000000000000000000, -3.000000000000000888 ) ) ;
#2152 = CARTESIAN_POINT ( 'NONE',  ( 2.750000000000000000, 1.126735949052871492E-15, 0.000000000000000000 ) ) ;
#2153 = CARTESIAN_POINT ( 'NONE',  ( 1.763300807568879414, 1.079710344961585514E-16, -2.671875000000001332 ) ) ;
#2154 = ORIENTED_EDGE ( 'NONE', *, *, #65, .F. ) ;
#2155 =( BOUNDED_CURVE ( )  B_SPLINE_CURVE ( 2, ( #1046, #238, #2194, #863, #1240, #252, #1060, #1815, #671 ),
 .UNSPECIFIED., .F., .T. ) 
 B_SPLINE_CURVE_WITH_KNOTS ( ( 3, 2, 2, 2, 3 ),
 ( 0.4166666666666666297, 0.4259259259259259300, 0.4444444444444444198, 0.4629629629629629095, 0.4722222222222222099 ),
 .UNSPECIFIED. ) 
 CURVE ( )  GEOMETRIC_REPRESENTATION_ITEM ( )  RATIONAL_B_SPLINE_CURVE ( ( 0.9330127018922194093, 0.9330127018922189652, 1.000000000000000000, 0.8660254037844387076, 1.000000000000000000, 0.8660254037844387076, 1.000000000000000000, 0.9330127018922194093, 0.9330127018922194093 ) ) 
 REPRESENTATION_ITEM ( '' )  );
#2156 = CARTESIAN_POINT ( 'NONE',  ( 1.017788105676658450, 0.5876202367904181934, -2.395833333333334370 ) ) ;
#2157 = DIRECTION ( 'NONE',  ( 0.8660254037844383745, 0.5000000000000004441, 0.000000000000000000 ) ) ;
#2158 = ORIENTED_EDGE ( 'NONE', *, *, #830, .T. ) ;
#2159 = CARTESIAN_POINT ( 'NONE',  ( 0.6785254037844388186, 1.175240473580835943, -3.291666666666667407 ) ) ;
#2160 = VERTEX_POINT ( 'NONE', #2387 ) ;
#2161 = CARTESIAN_POINT ( 'NONE',  ( -0.8660254037844395958, 1.499999999999999778, -1.520833333333335702 ) ) ;
#2162 = CARTESIAN_POINT ( 'NONE',  ( -1.204516119497100135, 0.4903656032358706396, -0.2773002407486502841 ) ) ;
#2163 = CARTESIAN_POINT ( 'NONE',  ( -0.8660254037844381525, -1.500000000000000666, -1.791666666666666519 ) ) ;
#2164 = DIRECTION ( 'NONE',  ( -4.097221632919532250E-16, 1.000000000000000000, 0.000000000000000000 ) ) ;
#2165 = DIRECTION ( 'NONE',  ( -0.000000000000000000, -0.000000000000000000, -1.000000000000000000 ) ) ;
#2166 = CARTESIAN_POINT ( 'NONE',  ( 1.870113174931185594E-16, -1.527063293868265559, -2.796875000000001776 ) ) ;
#2167 = EDGE_LOOP ( 'NONE', ( #860, #1993, #2020, #906 ) ) ;
#2168 =( BOUNDED_CURVE ( )  B_SPLINE_CURVE ( 2, ( #1029, #1576, #219, #1958, #1799, #2161, #1785, #2368, #1002 ),
 .UNSPECIFIED., .F., .T. ) 
 B_SPLINE_CURVE_WITH_KNOTS ( ( 3, 2, 2, 2, 3 ),
 ( 0.5277777777777777901, 0.5370370370370369795, 0.5555555555555555802, 0.5740740740740740700, 0.5833333333333332593 ),
 .UNSPECIFIED. ) 
 CURVE ( )  GEOMETRIC_REPRESENTATION_ITEM ( )  RATIONAL_B_SPLINE_CURVE ( ( 0.9330127018922194093, 0.9330127018922194093, 1.000000000000000000, 0.8660254037844387076, 1.000000000000000000, 0.8660254037844387076, 1.000000000000000000, 0.9330127018922197424, 0.9330127018922194093 ) ) 
 REPRESENTATION_ITEM ( '' )  );
#2169 = VECTOR ( 'NONE', #1266, 1000.000000000000114 ) ;
#2170 = CARTESIAN_POINT ( 'NONE',  ( 1.357050807568877859, 8.309539638847786353E-17, -2.437500000000000888 ) ) ;
#2171 = CARTESIAN_POINT ( 'NONE',  ( -1.500000000000000888, -0.4019237886466840437, -0.3526709006307396921 ) ) ;
#2172 = EDGE_CURVE ( 'NONE', #49, #264, #625, .T. ) ;
#2173 = ORIENTED_EDGE ( 'NONE', *, *, #381, .T. ) ;
#2174 = CARTESIAN_POINT ( 'NONE',  ( -0.6785254037844385966, -1.175240473580836165, -2.541666666666667407 ) ) ;
#2175 = CIRCLE ( 'NONE', #1851, 1.554126587736530007 ) ;
#2176 = B_SPLINE_CURVE_WITH_KNOTS ( 'NONE', 3,
 ( #2356, #1648, #2018, #613, #1433, #2371 ),
 .UNSPECIFIED., .F., .F.,
 ( 4, 2, 4 ),
 ( 0.004517796215450869089, 0.005321847847340884299, 0.006125899479230898642 ),
 .UNSPECIFIED. ) ;
#2177 = ORIENTED_EDGE ( 'NONE', *, *, #396, .F. ) ;
#2178 = CARTESIAN_POINT ( 'NONE',  ( -1.499999999999999778, -0.4019237886466846543, -0.9151709006307421346 ) ) ;
#2179 = CARTESIAN_POINT ( 'NONE',  ( 1.439254484199190365E-16, -1.175240473580836165, -0.5000000000000011102 ) ) ;
#2180 = CARTESIAN_POINT ( 'NONE',  ( 2.749999999999998668, -1.587713240271466875, -0.2456200930618593348 ) ) ;
#2181 = EDGE_LOOP ( 'NONE', ( #1760, #2158, #880, #223, #649 ) ) ;
#2182 = ORIENTED_EDGE ( 'NONE', *, *, #1550, .T. ) ;
#2183 = CARTESIAN_POINT ( 'NONE',  ( 0.9358000806358267587, 1.172296126873231925, -0.05412658773652962579 ) ) ;
#2184 = CARTESIAN_POINT ( 'NONE',  ( 1.763300807568878970, 1.079710344961585514E-16, -2.640625000000000000 ) ) ;
#2185 = CARTESIAN_POINT ( 'NONE',  ( -0.6785254037844395958, 1.175240473580835721, -2.770833333333333925 ) ) ;
#2186 = DIRECTION ( 'NONE',  ( 0.000000000000000000, 0.000000000000000000, 1.000000000000000000 ) ) ;
#2187 = EDGE_CURVE ( 'NONE', #2439, #890, #1048, .T. ) ;
#2188 = VERTEX_POINT ( 'NONE', #2315 ) ;
#2189 = CARTESIAN_POINT ( 'NONE',  ( -1.357050807568877859, -2.492861891654335783E-16, -3.625000000000000888 ) ) ;
#2190 = ORIENTED_EDGE ( 'NONE', *, *, #2442, .F. ) ;
#2191 = CARTESIAN_POINT ( 'NONE',  ( 0.02320705243025599981, 1.480628173767901234, -0.07634088814762171604 ) ) ;
#2192 = CARTESIAN_POINT ( 'NONE',  ( 0.6785254037844392627, -1.175240473580835943, -0.9583333333333343695 ) ) ;
#2193 = DIRECTION ( 'NONE',  ( 1.000000000000000000, 0.000000000000000000, 0.000000000000000000 ) ) ;
#2194 = CARTESIAN_POINT ( 'NONE',  ( 1.299038105676658228, 0.7500000000000003331, -2.145833333333336146 ) ) ;
#2195 = LINE ( 'NONE', #1418, #95 ) ;
#2196 = ORIENTED_EDGE ( 'NONE', *, *, #794, .F. ) ;
#2197 = CARTESIAN_POINT ( 'NONE',  ( -1.141614847838142710, 2.516314840832714506, 2.605261587517413479E-15 ) ) ;
#2198 = CARTESIAN_POINT ( 'NONE',  ( -1.763300807568878970, -3.239131034884756050E-16, -4.390625000000000000 ) ) ;
#2199 = CARTESIAN_POINT ( 'NONE',  ( 1.763300807568878970, 1.079710344961585514E-16, -1.140625000000000666 ) ) ;
#2200 = CARTESIAN_POINT ( 'NONE',  ( -1.299038105676658006, -0.7500000000000006661, -0.3333333333333332038 ) ) ;
#2201 = VERTEX_POINT ( 'NONE', #367 ) ;
#2202 = CARTESIAN_POINT ( 'NONE',  ( 0.6785254037844393737, -1.175240473580835721, -2.958333333333334370 ) ) ;
#2203 = ORIENTED_EDGE ( 'NONE', *, *, #718, .F. ) ;
#2204 = CARTESIAN_POINT ( 'NONE',  ( -1.017788105676658228, -0.5876202367904186374, -0.5833333333333343695 ) ) ;
#2205 = CARTESIAN_POINT ( 'NONE',  ( 0.000000000000000000, 1.500000000000000222, -0.5625000000000025535 ) ) ;
#2206 = FACE_OUTER_BOUND ( 'NONE', #2064, .T. ) ;
#2207 = ADVANCED_FACE ( 'NONE', ( #571 ), #420, .T. ) ;
#2208 = EDGE_LOOP ( 'NONE', ( #1592, #1414, #337, #1270, #1021, #2420, #2389, #311, #661, #510, #390, #2012, #2182, #1986, #2395, #498, #202, #1822, #68, #106, #1214, #2040, #98 ) ) ;
#2209 = CARTESIAN_POINT ( 'NONE',  ( 1.017788105676658450, -0.5876202367904178603, -1.479166666666667629 ) ) ;
#2210 = CARTESIAN_POINT ( 'NONE',  ( 1.763300807568878970, 1.079710344961585514E-16, -3.640625000000000000 ) ) ;
#2211 = CARTESIAN_POINT ( 'NONE',  ( -1.763300807568878970, -3.239131034884756050E-16, -0.8906250000000005551 ) ) ;
#2212 = CARTESIAN_POINT ( 'NONE',  ( -1.236285082089184861, 0.7329404624377778843, -3.879135721649983992 ) ) ;
#2213 = CIRCLE ( 'NONE', #2257, 4.000000000000000000 ) ;
#2214 = EDGE_LOOP ( 'NONE', ( #712, #18, #2252, #1203 ) ) ;
#2215 = CARTESIAN_POINT ( 'NONE',  ( 1.017788105676658450, 0.5876202367904181934, -0.8958333333333342585 ) ) ;
#2216 = VECTOR ( 'NONE', #2307, 1000.000000000000000 ) ;
#2217 = ORIENTED_EDGE ( 'NONE', *, *, #1286, .T. ) ;
#2218 = CARTESIAN_POINT ( 'NONE',  ( 1.017788105676658450, -0.5876202367904178603, -2.916666666666667851 ) ) ;
#2219 = CARTESIAN_POINT ( 'NONE',  ( -1.299038105676657784, -0.7500000000000007772, -2.895833333333335702 ) ) ;
#2220 = CARTESIAN_POINT ( 'NONE',  ( 0.6785254037844388186, 1.175240473580836165, -1.791666666666667629 ) ) ;
#2221 = AXIS2_PLACEMENT_3D ( 'NONE', #496, #2086, #1091 ) ;
#2222 = CARTESIAN_POINT ( 'NONE',  ( 1.357050807568877859, 8.309539638847786353E-17, -2.937500000000000888 ) ) ;
#2223 = DIRECTION ( 'NONE',  ( 0.000000000000000000, 0.000000000000000000, 1.000000000000000000 ) ) ;
#2224 = DIRECTION ( 'NONE',  ( 0.000000000000000000, 0.000000000000000000, 1.000000000000000000 ) ) ;
#2225 = EDGE_CURVE ( 'NONE', #716, #2046, #1135, .T. ) ;
#2226 = ORIENTED_EDGE ( 'NONE', *, *, #543, .T. ) ;
#2227 = FACE_OUTER_BOUND ( 'NONE', #922, .T. ) ;
#2228 = CARTESIAN_POINT ( 'NONE',  ( 1.177902386458651085, -0.03655904901108630867, -0.3758008018871441536 ) ) ;
#2229 = CARTESIAN_POINT ( 'NONE',  ( 0.8816504037844401509, -1.527063293868264893, -2.223958333333333925 ) ) ;
#2230 = CARTESIAN_POINT ( 'NONE',  ( 0.8660254037844384856, 1.500000000000000000, -1.104166666666669183 ) ) ;
#2231 = ORIENTED_EDGE ( 'NONE', *, *, #396, .T. ) ;
#2232 = CARTESIAN_POINT ( 'NONE',  ( 1.439254484199190365E-16, -1.175240473580836165, -3.500000000000000888 ) ) ;
#2233 = CARTESIAN_POINT ( 'NONE',  ( 0.000000000000000000, 1.175240473580836165, -2.750000000000001332 ) ) ;
#2234 = CARTESIAN_POINT ( 'NONE',  ( -0.6785254037844395958, 1.175240473580835721, -1.770833333333334370 ) ) ;
#2235 = CARTESIAN_POINT ( 'NONE',  ( 1.070317854244493327, -0.8753894882626371832, -3.816074274085218043 ) ) ;
#2236 = ORIENTED_EDGE ( 'NONE', *, *, #1928, .F. ) ;
#2237 = CARTESIAN_POINT ( 'NONE',  ( 0.9521641396025557480, 0.7012842802249406038, -0.3877737031278808977 ) ) ;
#2238 = DIRECTION ( 'NONE',  ( 1.000000000000000000, 0.000000000000000000, 0.000000000000000000 ) ) ;
#2239 = ORIENTED_EDGE ( 'NONE', *, *, #263, .F. ) ;
#2240 = B_SPLINE_CURVE_WITH_KNOTS ( 'NONE', 3,
 ( #2029, #1058, #1840, #278, #58, #683, #1277, #1430, #1826, #457, #1854, #2191, #46, #657 ),
 .UNSPECIFIED., .F., .F.,
 ( 4, 2, 2, 2, 2, 2, 4 ),
 ( 5.595521669698607471E-05, 0.0006297375090432421338, 0.0009166286552163702616, 0.001203519801389498715, 0.001777302093735755187, 0.002064193239908883749, 0.002351084386082012093 ),
 .UNSPECIFIED. ) ;
#2241 = CARTESIAN_POINT ( 'NONE',  ( 1.322475605676659560, -0.7635316469341323353, -0.1822916666666672680 ) ) ;
#2242 = CARTESIAN_POINT ( 'NONE',  ( -4.000000000000000000, 4.898587196589412829E-16, -4.000000000000000888 ) ) ;
#2243 = ORIENTED_EDGE ( 'NONE', *, *, #497, .F. ) ;
#2244 = CARTESIAN_POINT ( 'NONE',  ( -1.017788105676658894, 0.5876202367904171942, -3.666666666666667407 ) ) ;
#2245 = CARTESIAN_POINT ( 'NONE',  ( -1.500000000000000444, 6.972266317189433020E-16, -0.8749999999999998890 ) ) ;
#2246 = CARTESIAN_POINT ( 'NONE',  ( -1.017788105676658228, -0.5876202367904186374, -1.083333333333334370 ) ) ;
#2247 = CARTESIAN_POINT ( 'NONE',  ( 0.6785254037844388186, 1.175240473580835943, -1.854166666666667407 ) ) ;
#2248 = VERTEX_POINT ( 'NONE', #1138 ) ;
#2249 = CARTESIAN_POINT ( 'NONE',  ( 0.000000000000000000, 0.000000000000000000, 0.000000000000000000 ) ) ;
#2250 = DIRECTION ( 'NONE',  ( 0.000000000000000000, 0.000000000000000000, 1.000000000000000000 ) ) ;
#2251 = B_SPLINE_CURVE_WITH_KNOTS ( 'NONE', 3,
 ( #1262, #452, #1040, #471, #2363, #2212, #1795, #856, #832, #1584 ),
 .UNSPECIFIED., .F., .F.,
 ( 4, 2, 2, 2, 4 ),
 ( 0.001072757442478592749, 0.001394283210296112406, 0.001715808978113632062, 0.002037334745931151936, 0.002358860513748671159 ),
 .UNSPECIFIED. ) ;
#2252 = ORIENTED_EDGE ( 'NONE', *, *, #872, .F. ) ;
#2253 = CARTESIAN_POINT ( 'NONE',  ( -1.017788105676658894, 0.5876202367904171942, -4.229166666666667851 ) ) ;
#2254 = CARTESIAN_POINT ( 'NONE',  ( -1.500000000000001110, -0.4019237886466823784, -1.415170900630742468 ) ) ;
#2255 = ADVANCED_FACE ( 'NONE', ( #133 ), #1388, .T. ) ;
#2256 = APPLICATION_CONTEXT ( 'configuration controlled 3d designs of mechanical parts and assemblies' ) ;
#2257 = AXIS2_PLACEMENT_3D ( 'NONE', #1555, #1773, #1401 ) ;
#2258 = CARTESIAN_POINT ( 'NONE',  ( 0.6785254037844393737, -1.175240473580835721, -2.458333333333334814 ) ) ;
#2259 = PERSON_AND_ORGANIZATION_ROLE ( 'design_supplier' ) ;
#2260 = CARTESIAN_POINT ( 'NONE',  ( 1.439254484199190365E-16, -1.175240473580836165, -1.500000000000001110 ) ) ;
#2261 = CARTESIAN_POINT ( 'NONE',  ( 1.439254484199190365E-16, -1.175240473580836165, -3.562500000000000888 ) ) ;
#2262 = CONICAL_SURFACE ( 'NONE', #1769, 2.750000000000000000, 1.047197551196600074 ) ;
#2263 = EDGE_LOOP ( 'NONE', ( #1575, #472, #2088, #1859 ) ) ;
#2264 = CARTESIAN_POINT ( 'NONE',  ( 0.6785254037844388186, 1.175240473580836165, -2.854166666666667407 ) ) ;
#2265 = CARTESIAN_POINT ( 'NONE',  ( -1.499999999999999112, 0.4019237886466856535, -3.459829099369262639 ) ) ;
#2266 = CARTESIAN_POINT ( 'NONE',  ( -0.8816504037844391517, -1.527063293868266225, -1.838541666666668517 ) ) ;
#2267 = CARTESIAN_POINT ( 'NONE',  ( -0.6785254037844395958, 1.175240473580835721, -0.2708333333333343140 ) ) ;
#2268 = ORIENTED_EDGE ( 'NONE', *, *, #173, .F. ) ;
#2269 = CARTESIAN_POINT ( 'NONE',  ( 1.500000000000000222, 0.000000000000000000, -3.000000000000000888 ) ) ;
#2270 = CARTESIAN_POINT ( 'NONE',  ( -0.6785254037844385966, -1.175240473580836165, -1.104166666666667851 ) ) ;
#2271 = CARTESIAN_POINT ( 'NONE',  ( 1.017788105676658450, 0.5876202367904181934, -3.333333333333334370 ) ) ;
#2272 = CARTESIAN_POINT ( 'NONE',  ( -0.6785254037844395958, 1.175240473580835499, -3.208333333333334814 ) ) ;
#2273 = CARTESIAN_POINT ( 'NONE',  ( -0.6785254037844395958, 1.175240473580835721, -2.270833333333334370 ) ) ;
#2274 = CARTESIAN_POINT ( 'NONE',  ( 1.017788105676658450, -0.5876202367904178603, -2.979166666666667851 ) ) ;
#2275 = DIRECTION ( 'NONE',  ( 1.000000000000000000, 0.000000000000000000, 0.000000000000000000 ) ) ;
#2276 = CARTESIAN_POINT ( 'NONE',  ( 1.763300807568879414, 1.079710344961585514E-16, -0.6718750000000015543 ) ) ;
#2277 = CARTESIAN_POINT ( 'NONE',  ( -1.017788105676658894, 0.5876202367904171942, -0.2291666666666676566 ) ) ;
#2278 = VERTEX_POINT ( 'NONE', #1639 ) ;
#2279 = CARTESIAN_POINT ( 'NONE',  ( 1.836970198721030181E-16, -1.500000000000000222, -1.250000000000000000 ) ) ;
#2280 = CARTESIAN_POINT ( 'NONE',  ( -1.017788105676658894, 0.5876202367904171942, -1.229166666666667407 ) ) ;
#2281 = DIRECTION ( 'NONE',  ( -0.000000000000000000, -0.000000000000000000, 1.000000000000000000 ) ) ;
#2282 = CARTESIAN_POINT ( 'NONE',  ( 1.017788105676658450, 0.5876202367904181934, -0.8333333333333343695 ) ) ;
#2283 = CARTESIAN_POINT ( 'NONE',  ( 0.9085346626517016855, -2.650883748492872449, -0.02351960456805821456 ) ) ;
#2284 = CARTESIAN_POINT ( 'NONE',  ( 0.6785254037844393737, -1.175240473580835721, -1.458333333333334370 ) ) ;
#2285 = EDGE_CURVE ( 'NONE', #2078, #225, #1936, .T. ) ;
#2286 = CC_DESIGN_PERSON_AND_ORGANIZATION_ASSIGNMENT ( #2495, #1355, ( #197 ) ) ;
#2287 = CARTESIAN_POINT ( 'NONE',  ( 0.000000000000000000, 1.175240473580836165, -2.812500000000001332 ) ) ;
#2288 = CARTESIAN_POINT ( 'NONE',  ( 0.000000000000000000, 0.000000000000000000, -4.000000000000000888 ) ) ;
#2289 = ADVANCED_FACE ( 'NONE', ( #1792 ), #2415, .T. ) ;
#2290 = CARTESIAN_POINT ( 'NONE',  ( -0.8816504037844405950, 1.527063293868265115, -0.005208333333334981899 ) ) ;
#2291 = DIRECTION ( 'NONE',  ( 0.000000000000000000, 0.000000000000000000, 1.000000000000000000 ) ) ;
#2292 = CARTESIAN_POINT ( 'NONE',  ( -1.017788105676658894, 0.5876202367904171942, -0.2291666666666676566 ) ) ;
#2293 = CARTESIAN_POINT ( 'NONE',  ( -1.177704171233538544, -4.270513119278527022E-15, -3.623577583497011201 ) ) ;
#2294 = FACE_OUTER_BOUND ( 'NONE', #1500, .T. ) ;
#2295 = CARTESIAN_POINT ( 'NONE',  ( -0.6785254037844385966, -1.175240473580836165, -0.04166666666666771213 ) ) ;
#2296 = DIRECTION ( 'NONE',  ( -0.4999999999999998335, -0.8660254037844387076, 0.000000000000000000 ) ) ;
#2297 = CARTESIAN_POINT ( 'NONE',  ( -1.357050807568877859, -2.492861891654335783E-16, -0.1250000000000010825 ) ) ;
#2298 = CARTESIAN_POINT ( 'NONE',  ( 1.836970198721030181E-16, -1.500000000000000222, -3.749999999999999556 ) ) ;
#2299 = CARTESIAN_POINT ( 'NONE',  ( 0.000000000000000000, 1.175240473580836165, -1.812500000000001110 ) ) ;
#2300 = CARTESIAN_POINT ( 'NONE',  ( 1.500000000000000222, -4.561024215828087150E-15, -3.187500000000002220 ) ) ;
#2301 = EDGE_CURVE ( 'NONE', #818, #1028, #883, .T. ) ;
#2302 = AXIS2_PLACEMENT_3D ( 'NONE', #1016, #1762, #992 ) ;
#2303 = CARTESIAN_POINT ( 'NONE',  ( 0.8816504037844401509, -1.527063293868265115, -1.755208333333335036 ) ) ;
#2304 = AXIS2_PLACEMENT_3D ( 'NONE', #432, #1787, #2193 ) ;
#2305 = CARTESIAN_POINT ( 'NONE',  ( -0.8660254037844381525, -1.500000000000000666, -2.291666666666665630 ) ) ;
#2306 = CARTESIAN_POINT ( 'NONE',  ( 0.000000000000000000, 1.175240473580836165, -0.8125000000000009992 ) ) ;
#2307 = DIRECTION ( 'NONE',  ( -0.7071067811865487940, 8.659560562354948882E-17, 0.7071067811865463515 ) ) ;
#2308 = CARTESIAN_POINT ( 'NONE',  ( 1.017788105676658450, -0.5876202367904178603, -0.9166666666666676289 ) ) ;
#2309 = COORDINATED_UNIVERSAL_TIME_OFFSET ( 6, 0, .BEHIND. ) ;
#2310 = FACE_OUTER_BOUND ( 'NONE', #1702, .T. ) ;
#2311 = CARTESIAN_POINT ( 'NONE',  ( 2.749999999999997335, 1.587713240271469317, -0.2456200930618594180 ) ) ;
#2312 = CARTESIAN_POINT ( 'NONE',  ( 1.841465337348296094, 2.112255972321535502, -0.02351960456805843314 ) ) ;
#2313 = FACE_OUTER_BOUND ( 'NONE', #2214, .T. ) ;
#2314 = CARTESIAN_POINT ( 'NONE',  ( -1.322475605676659338, -0.7635316469341334455, -1.380208333333334814 ) ) ;
#2315 = CARTESIAN_POINT ( 'NONE',  ( 4.000000000000000000, 0.000000000000000000, -4.000000000000000888 ) ) ;
#2316 = CARTESIAN_POINT ( 'NONE',  ( -1.500000000000000222, 4.183359790313659220E-15, -2.874999999999999112 ) ) ;
#2317 = CARTESIAN_POINT ( 'NONE',  ( -0.6785254037844395958, 1.175240473580835721, -1.708333333333334370 ) ) ;
#2318 = CARTESIAN_POINT ( 'NONE',  ( 1.017788105676658450, 0.5876202367904181934, -1.333333333333334370 ) ) ;
#2319 = FACE_OUTER_BOUND ( 'NONE', #326, .T. ) ;
#2320 = CARTESIAN_POINT ( 'NONE',  ( 0.000000000000000000, 1.500000000000000222, -2.500000000000000000 ) ) ;
#2321 = CARTESIAN_POINT ( 'NONE',  ( -2.749999999999999112, -1.587713240271794612, -0.2456200930616441180 ) ) ;
#2322 = DIRECTION ( 'NONE',  ( 0.000000000000000000, 0.000000000000000000, -1.000000000000000000 ) ) ;
#2323 = CARTESIAN_POINT ( 'NONE',  ( -0.8816504037844405950, 1.527063293868265115, -3.005208333333335702 ) ) ;
#2324 = CARTESIAN_POINT ( 'NONE',  ( -1.017788105676658894, 0.5876202367904171942, -1.729166666666667407 ) ) ;
#2325 = CARTESIAN_POINT ( 'NONE',  ( -1.499999999999999112, 0.4019237886466856535, -2.897329099369259531 ) ) ;
#2326 = EDGE_CURVE ( 'NONE', #2188, #833, #32, .T. ) ;
#2327 = CARTESIAN_POINT ( 'NONE',  ( 0.000000000000000000, 1.175240473580836165, -1.250000000000001110 ) ) ;
#2328 = EDGE_CURVE ( 'NONE', #2477, #442, #704, .T. ) ;
#2329 = ORIENTED_EDGE ( 'NONE', *, *, #116, .T. ) ;
#2330 = FACE_OUTER_BOUND ( 'NONE', #1511, .T. ) ;
#2331 = CARTESIAN_POINT ( 'NONE',  ( -1.299038105676658894, 0.7499999999999991118, -2.416666666666666519 ) ) ;
#2332 = CARTESIAN_POINT ( 'NONE',  ( -1.500000000000000444, 6.972266317189433020E-16, -0.8749999999999998890 ) ) ;
#2333 = FACE_OUTER_BOUND ( 'NONE', #1107, .T. ) ;
#2334 = AXIS2_PLACEMENT_3D ( 'NONE', #1460, #2223, #1210 ) ;
#2335 = VECTOR ( 'NONE', #747, 1000.000000000000000 ) ;
#2336 = CARTESIAN_POINT ( 'NONE',  ( 0.8816504037844393737, 1.527063293868265781, -2.588541666666667851 ) ) ;
#2337 =( BOUNDED_CURVE ( )  B_SPLINE_CURVE ( 2, ( #1802, #1991, #850, #1447, #2205, #628, #1634, #839, #1303 ),
 .UNSPECIFIED., .F., .T. ) 
 B_SPLINE_CURVE_WITH_KNOTS ( ( 3, 2, 2, 2, 3 ),
 ( 0.7500000000000000000, 0.7592592592592593004, 0.7777777777777777901, 0.7962962962962962798, 0.8055555555555555802 ),
 .UNSPECIFIED. ) 
 CURVE ( )  GEOMETRIC_REPRESENTATION_ITEM ( )  RATIONAL_B_SPLINE_CURVE ( ( 0.9330127018922194093, 0.9330127018922194093, 1.000000000000000000, 0.8660254037844387076, 1.000000000000000000, 0.8660254037844387076, 1.000000000000000000, 0.9330127018922194093, 0.9330127018922194093 ) ) 
 REPRESENTATION_ITEM ( '' )  );
#2338 = VECTOR ( 'NONE', #111, 1000.000000000000000 ) ;
#2339 = CARTESIAN_POINT ( 'NONE',  ( 1.017788105676658450, -0.5876202367904178603, -3.479166666666667851 ) ) ;
#2340 = CARTESIAN_POINT ( 'NONE',  ( -1.499999999999999778, -0.4019237886466846543, -0.4151709006307423011 ) ) ;
#2341 = CARTESIAN_POINT ( 'NONE',  ( 0.6785254037844393737, -1.175240473580835721, -2.458333333333334814 ) ) ;
#2342 = VERTEX_POINT ( 'NONE', #1206 ) ;
#2343 = DIRECTION ( 'NONE',  ( 0.000000000000000000, 0.000000000000000000, 1.000000000000000000 ) ) ;
#2344 = CARTESIAN_POINT ( 'NONE',  ( -1.166654503030324141, -0.2113337715409321638, -3.621113885844307934 ) ) ;
#2345 = CARTESIAN_POINT ( 'NONE',  ( -0.7844991296689263205, -1.106816476996514531, -0.2096354433495122849 ) ) ;
#2346 = CYLINDRICAL_SURFACE ( 'NONE', #306, 1.500000000000000222 ) ;
#2347 = DIRECTION ( 'NONE',  ( 0.000000000000000000, 0.000000000000000000, 1.000000000000000000 ) ) ;
#2348 = CARTESIAN_POINT ( 'NONE',  ( 1.763300807568879414, 1.079710344961585514E-16, -2.171875000000001776 ) ) ;
#2349 = CARTESIAN_POINT ( 'NONE',  ( 1.357050807568877859, 8.309539638847786353E-17, -3.437500000000000444 ) ) ;
#2350 = CARTESIAN_POINT ( 'NONE',  ( 1.500000000000000222, 2.033577675846917841E-16, -1.187500000000002442 ) ) ;
#2351 = CARTESIAN_POINT ( 'NONE',  ( -0.6785254037844385966, -1.175240473580836165, -3.541666666666667851 ) ) ;
#2352 = ORIENTED_EDGE ( 'NONE', *, *, #794, .T. ) ;
#2353 = CARTESIAN_POINT ( 'NONE',  ( 0.000000000000000000, 0.000000000000000000, -4.000000000000000888 ) ) ;
#2354 = DIRECTION ( 'NONE',  ( 0.7071067811865487940, 8.659560562354948882E-17, -0.7071067811865463515 ) ) ;
#2355 = CARTESIAN_POINT ( 'NONE',  ( -1.299038105676658894, 0.7499999999999991118, -3.416666666666666075 ) ) ;
#2356 = CARTESIAN_POINT ( 'NONE',  ( -2.750000000000000000, 0.000000000000000000, 0.000000000000000000 ) ) ;
#2357 = CARTESIAN_POINT ( 'NONE',  ( 1.336197820288328897, -2.273104074952029994E-11, -3.782071232551800222 ) ) ;
#2358 = CARTESIAN_POINT ( 'NONE',  ( -1.322475605676659338, -0.7635316469341334455, -2.880208333333334814 ) ) ;
#2359 = ORIENTED_EDGE ( 'NONE', *, *, #2328, .F. ) ;
#2360 = EDGE_CURVE ( 'NONE', #1247, #1782, #1947, .T. ) ;
#2361 = EDGE_CURVE ( 'NONE', #2049, #1429, #203, .T. ) ;
#2362 = CARTESIAN_POINT ( 'NONE',  ( 1.017788105676658450, -0.5876202367904178603, -2.979166666666667851 ) ) ;
#2363 = CARTESIAN_POINT ( 'NONE',  ( -1.307357371363641052, 0.5302132972106914366, -3.852624192903407518 ) ) ;
#2364 =( BOUNDED_SURFACE ( )  B_SPLINE_SURFACE ( 1, 2, ( 
 ( #1330, #1907, #1171, #1937, #978, #2095, #1927, #553, #1945, #2297, #1563, #1356, #760, #151, #1162, #969, #538, #944, #1750, #1721, #344, #1544, #2485, #1346, #1554, #2108, #190, #359, #2137, #1154, #785, #1517, #989, #2509, #2518, #773, #2327, #735, #2318, #389, #1759, #2284, #171, #1917, #573, #380, #161, #957, #1731, #2496, #2121, #596, #4, #1000, #620, #795, #1042, #30, #1248, #1811, #1055, #1573, #16, #440, #412, #2341, #2013, #2174, #1984, #807, #1585, #819, #1999, #1630, #1599, #1428, #1399, #2202, #1385, #1027, #232, #847, #454, #1413, #2146, #2159, #2366, #1234, #1969, #1770, #1797, #2351, #56, #2189, #1013, #608, #1204, #399, #1191, #1956, #429, #1220, #262, #201, #217, #1783, #44, #834, #246 ),
 ( #1615, #2382, #641, #2394, #655, #1441, #1700, #1643, #129, #1823, #2277, #2267, #1122, #521, #921, #69, #2077, #2464, #858, #2406, #325, #1455, #1313, #1884, #275, #1510, #2215, #80, #727, #473, #666, #871, #1264, #2026, #1069, #1836, #1688, #2453, #715, #1498, #1473, #1878, #1856, #478, #136, #1101, #905, #2234, #492, #2247, #917, #527, #505, #318, #292, #1129, #2471, #2449, #1683, #2273, #1894, #2056, #1459, #1086, #1483, #125, #894, #685, #711, #1279, #1505, #1117, #2437, #2424, #2044, #2222, #85, #1842, #307, #1868, #932, #877, #1708, #103, #115, #1660, #1695, #1672, #698, #1292, #2261, #515, #1493, #2084, #1307, #723, #2071, #2459, #1268, #1320, #332, #2031, #280, #1074, #2130, #1919, #1164, #575, #1368 ) ),
 .UNSPECIFIED., .F., .F., .F. ) 
 B_SPLINE_SURFACE_WITH_KNOTS ( ( 2, 2 ),
 ( 3, 2, 2, 2, 2, 2, 2, 2, 2, 2, 2, 2, 2, 2, 2, 2, 2, 2, 2, 2, 2, 2, 2, 2, 2, 2, 2, 2, 2, 2, 2, 2, 2, 2, 2, 2, 2, 2, 2, 2, 2, 2, 2, 2, 2, 2, 2, 2, 2, 2, 2, 2, 2, 2, 3 ),
 ( 0.000000000000000000, 1.000000000000000000 ),
 ( 0.000000000000000000, 0.01851851851851851749, 0.03703703703703703498, 0.05555555555555555247, 0.07407407407407406996, 0.09259259259259258745, 0.1111111111111111049, 0.1296296296296296224, 0.1481481481481481399, 0.1666666666666666574, 0.1851851851851851749, 0.2037037037037036924, 0.2222222222222222099, 0.2407407407407407274, 0.2592592592592592449, 0.2777777777777777901, 0.2962962962962962798, 0.3148148148148148251, 0.3333333333333333148, 0.3518518518518518601, 0.3703703703703703498, 0.3888888888888888951, 0.4074074074074073848, 0.4259259259259259300, 0.4444444444444444198, 0.4629629629629629650, 0.4814814814814814548, 0.5000000000000000000, 0.5185185185185184897, 0.5370370370370370905, 0.5555555555555555802, 0.5740740740740740700, 0.5925925925925925597, 0.6111111111111111605, 0.6296296296296296502, 0.6481481481481481399, 0.6666666666666666297, 0.6851851851851852304, 0.7037037037037037202, 0.7222222222222222099, 0.7407407407407406996, 0.7592592592592593004, 0.7777777777777777901, 0.7962962962962962798, 0.8148148148148147696, 0.8333333333333333703, 0.8518518518518518601, 0.8703703703703703498, 0.8888888888888888395, 0.9074074074074074403, 0.9259259259259259300, 0.9444444444444444198, 0.9629629629629629095, 0.9814814814814815103, 1.000000000000000000 ),
 .UNSPECIFIED. ) 
 GEOMETRIC_REPRESENTATION_ITEM ( )  RATIONAL_B_SPLINE_SURFACE ( (
 ( 1.000000000000000000, 0.8660254037844387076, 1.000000000000000000, 0.8660254037844387076, 1.000000000000000000, 0.8660254037844387076, 1.000000000000000000, 0.8660254037844387076, 1.000000000000000000, 0.8660254037844387076, 1.000000000000000000, 0.8660254037844387076, 1.000000000000000000, 0.8660254037844387076, 1.000000000000000000, 0.8660254037844387076, 1.000000000000000000, 0.8660254037844387076, 1.000000000000000000, 0.8660254037844387076, 1.000000000000000000, 0.8660254037844387076, 1.000000000000000000, 0.8660254037844387076, 1.000000000000000000, 0.8660254037844387076, 1.000000000000000000, 0.8660254037844387076, 1.000000000000000000, 0.8660254037844387076, 1.000000000000000000, 0.8660254037844387076, 1.000000000000000000, 0.8660254037844387076, 1.000000000000000000, 0.8660254037844387076, 1.000000000000000000, 0.8660254037844387076, 1.000000000000000000, 0.8660254037844387076, 1.000000000000000000, 0.8660254037844387076, 1.000000000000000000, 0.8660254037844387076, 1.000000000000000000, 0.8660254037844387076, 1.000000000000000000, 0.8660254037844387076, 1.000000000000000000, 0.8660254037844387076, 1.000000000000000000, 0.8660254037844387076, 1.000000000000000000, 0.8660254037844387076, 1.000000000000000000, 0.8660254037844387076, 1.000000000000000000, 0.8660254037844387076, 1.000000000000000000, 0.8660254037844387076, 1.000000000000000000, 0.8660254037844387076, 1.000000000000000000, 0.8660254037844387076, 1.000000000000000000, 0.8660254037844387076, 1.000000000000000000, 0.8660254037844387076, 1.000000000000000000, 0.8660254037844387076, 1.000000000000000000, 0.8660254037844387076, 1.000000000000000000, 0.8660254037844387076, 1.000000000000000000, 0.8660254037844387076, 1.000000000000000000, 0.8660254037844387076, 1.000000000000000000, 0.8660254037844387076, 1.000000000000000000, 0.8660254037844387076, 1.000000000000000000, 0.8660254037844387076, 1.000000000000000000, 0.8660254037844387076, 1.000000000000000000, 0.8660254037844387076, 1.000000000000000000, 0.8660254037844387076, 1.000000000000000000, 0.8660254037844387076, 1.000000000000000000, 0.8660254037844387076, 1.000000000000000000, 0.8660254037844387076, 1.000000000000000000, 0.8660254037844387076, 1.000000000000000000, 0.8660254037844387076, 1.000000000000000000, 0.8660254037844387076, 1.000000000000000000, 0.8660254037844387076, 1.000000000000000000, 0.8660254037844387076, 1.000000000000000000, 0.8660254037844387076, 1.000000000000000000),
 ( 1.000000000000000000, 0.8660254037844387076, 1.000000000000000000, 0.8660254037844387076, 1.000000000000000000, 0.8660254037844387076, 1.000000000000000000, 0.8660254037844387076, 1.000000000000000000, 0.8660254037844387076, 1.000000000000000000, 0.8660254037844387076, 1.000000000000000000, 0.8660254037844387076, 1.000000000000000000, 0.8660254037844387076, 1.000000000000000000, 0.8660254037844387076, 1.000000000000000000, 0.8660254037844387076, 1.000000000000000000, 0.8660254037844387076, 1.000000000000000000, 0.8660254037844387076, 1.000000000000000000, 0.8660254037844387076, 1.000000000000000000, 0.8660254037844387076, 1.000000000000000000, 0.8660254037844387076, 1.000000000000000000, 0.8660254037844387076, 1.000000000000000000, 0.8660254037844387076, 1.000000000000000000, 0.8660254037844387076, 1.000000000000000000, 0.8660254037844387076, 1.000000000000000000, 0.8660254037844387076, 1.000000000000000000, 0.8660254037844387076, 1.000000000000000000, 0.8660254037844387076, 1.000000000000000000, 0.8660254037844387076, 1.000000000000000000, 0.8660254037844387076, 1.000000000000000000, 0.8660254037844387076, 1.000000000000000000, 0.8660254037844387076, 1.000000000000000000, 0.8660254037844387076, 1.000000000000000000, 0.8660254037844387076, 1.000000000000000000, 0.8660254037844387076, 1.000000000000000000, 0.8660254037844387076, 1.000000000000000000, 0.8660254037844387076, 1.000000000000000000, 0.8660254037844387076, 1.000000000000000000, 0.8660254037844387076, 1.000000000000000000, 0.8660254037844387076, 1.000000000000000000, 0.8660254037844387076, 1.000000000000000000, 0.8660254037844387076, 1.000000000000000000, 0.8660254037844387076, 1.000000000000000000, 0.8660254037844387076, 1.000000000000000000, 0.8660254037844387076, 1.000000000000000000, 0.8660254037844387076, 1.000000000000000000, 0.8660254037844387076, 1.000000000000000000, 0.8660254037844387076, 1.000000000000000000, 0.8660254037844387076, 1.000000000000000000, 0.8660254037844387076, 1.000000000000000000, 0.8660254037844387076, 1.000000000000000000, 0.8660254037844387076, 1.000000000000000000, 0.8660254037844387076, 1.000000000000000000, 0.8660254037844387076, 1.000000000000000000, 0.8660254037844387076, 1.000000000000000000, 0.8660254037844387076, 1.000000000000000000, 0.8660254037844387076, 1.000000000000000000, 0.8660254037844387076, 1.000000000000000000, 0.8660254037844387076, 1.000000000000000000, 0.8660254037844387076, 1.000000000000000000) ) ) 
 REPRESENTATION_ITEM ( '' )  SURFACE ( )  );
#2365 = EDGE_LOOP ( 'NONE', ( #1400, #462, #1265, #1983 ) ) ;
#2366 = CARTESIAN_POINT ( 'NONE',  ( 1.017788105676658450, 0.5876202367904181934, -3.333333333333334370 ) ) ;
#2367 = ORIENTED_EDGE ( 'NONE', *, *, #1376, .F. ) ;
#2368 = CARTESIAN_POINT ( 'NONE',  ( -1.499999999999999112, 0.4019237886466856535, -1.459829099369262861 ) ) ;
#2369 = DIRECTION ( 'NONE',  ( 1.000000000000000000, 0.000000000000000000, 0.000000000000000000 ) ) ;
#2370 = CARTESIAN_POINT ( 'NONE',  ( 0.8660254037844384856, 1.500000000000000222, -3.541666666666666519 ) ) ;
#2371 = CARTESIAN_POINT ( 'NONE',  ( -2.749999999999999112, 1.587713240271468873, -0.2456200930618602507 ) ) ;
#2372 = CARTESIAN_POINT ( 'NONE',  ( 1.500000000000000222, 2.033577675846917841E-16, -1.687500000000002442 ) ) ;
#2373 = ORIENTED_EDGE ( 'NONE', *, *, #2376, .F. ) ;
#2374 = CARTESIAN_POINT ( 'NONE',  ( 0.6785254037844392627, -1.175240473580835943, -1.020833333333334592 ) ) ;
#2375 = CARTESIAN_POINT ( 'NONE',  ( -1.322475605676659116, -0.7635316469341333345, -2.848958333333333481 ) ) ;
#2376 = EDGE_CURVE ( 'NONE', #1095, #2188, #2213, .T. ) ;
#2377 = APPROVAL_PERSON_ORGANIZATION ( #1617, #1690, #149 ) ;
#2378 = CARTESIAN_POINT ( 'NONE',  ( -1.017788105676658894, 0.5876202367904171942, -2.229166666666667851 ) ) ;
#2379 = CARTESIAN_POINT ( 'NONE',  ( 1.299038105676658228, 0.7500000000000003331, -3.145833333333335702 ) ) ;
#2380 = AXIS2_PLACEMENT_3D ( 'NONE', #67, #54, #427 ) ;
#2381 = ORIENTED_EDGE ( 'NONE', *, *, #1626, .F. ) ;
#2382 = CARTESIAN_POINT ( 'NONE',  ( 0.6785254037844388186, 1.175240473580835943, 0.1458333333333323156 ) ) ;
#2383 = ORIENTED_EDGE ( 'NONE', *, *, #1768, .T. ) ;
#2384 = APPROVAL_STATUS ( 'not_yet_approved' ) ;
#2385 = CARTESIAN_POINT ( 'NONE',  ( 1.357050807568877859, 8.309539638847786353E-17, -0.8750000000000009992 ) ) ;
#2386 = CARTESIAN_POINT ( 'NONE',  ( 1.299038105676658450, -0.7499999999999997780, -1.666666666666666297 ) ) ;
#2387 = CARTESIAN_POINT ( 'NONE',  ( -1.492408474020897380, 0.1507214207424311392, -3.945873412263470659 ) ) ;
#2388 = CARTESIAN_POINT ( 'NONE',  ( -0.7823246726631173376, -0.8770166915668523577, -3.621113885846622082 ) ) ;
#2389 = ORIENTED_EDGE ( 'NONE', *, *, #872, .T. ) ;
#2390 = CARTESIAN_POINT ( 'NONE',  ( 1.500000000000000222, -4.561024215828087150E-15, -2.624999999999999112 ) ) ;
#2391 = CARTESIAN_POINT ( 'NONE',  ( -1.763300807568878970, -3.239131034884756050E-16, -3.390625000000000444 ) ) ;
#2392 = CARTESIAN_POINT ( 'NONE',  ( 1.322475605676659338, 0.7635316469341328904, -1.098958333333333925 ) ) ;
#2393 = ORIENTED_EDGE ( 'NONE', *, *, #369, .F. ) ;
#2394 = CARTESIAN_POINT ( 'NONE',  ( 1.357050807568877859, 8.309539638847786353E-17, 0.06249999999999897304 ) ) ;
#2395 = ORIENTED_EDGE ( 'NONE', *, *, #1174, .T. ) ;
#2396 = CARTESIAN_POINT ( 'NONE',  ( -0.8660254037844395958, 1.499999999999999778, -0.9583333333333331483 ) ) ;
#2397 = CARTESIAN_POINT ( 'NONE',  ( -1.500000000000000222, 1.836970198721030181E-16, -3.000000000000000888 ) ) ;
#2398 = CARTESIAN_POINT ( 'NONE',  ( -1.177704171233538544, -4.270513119278527022E-15, -3.623577583497011201 ) ) ;
#2399 = CARTESIAN_POINT ( 'NONE',  ( -1.500000000000000222, 0.07555189509418268334, -3.941697327505234938 ) ) ;
#2400 = ORIENTED_EDGE ( 'NONE', *, *, #1446, .T. ) ;
#2401 = CARTESIAN_POINT ( 'NONE',  ( 1.357050807568877859, 8.309539638847786353E-17, -1.437500000000000888 ) ) ;
#2402 = CARTESIAN_POINT ( 'NONE',  ( 0.8816504037844392627, 1.527063293868265337, -3.557291666666666963 ) ) ;
#2403 = CARTESIAN_POINT ( 'NONE',  ( 1.322475605676659338, 0.7635316469341328904, -1.598958333333333925 ) ) ;
#2404 = CARTESIAN_POINT ( 'NONE',  ( 1.500000000000001332, 0.4019237886466820453, -3.165170900630741802 ) ) ;
#2405 = ORIENTED_EDGE ( 'NONE', *, *, #1674, .F. ) ;
#2406 = CARTESIAN_POINT ( 'NONE',  ( -0.6785254037844385966, -1.175240473580836165, -0.6041666666666675178 ) ) ;
#2407 = ADVANCED_FACE ( 'NONE', ( #2330 ), #401, .F. ) ;
#2408 = EDGE_LOOP ( 'NONE', ( #1830, #1235, #233 ) ) ;
#2409 = CARTESIAN_POINT ( 'NONE',  ( 0.000000000000000000, 1.175240473580836165, -4.250000000000000000 ) ) ;
#2410 = APPLICATION_PROTOCOL_DEFINITION ( 'international standard', 'config_control_design', 1994, #466 ) ;
#2411 = CARTESIAN_POINT ( 'NONE',  ( -0.6785254037844385966, -1.175240473580836387, -1.541666666666667851 ) ) ;
#2412 = CARTESIAN_POINT ( 'NONE',  ( -0.6890861897362302591, -1.268349039708377424, -3.886369615295174551 ) ) ;
#2413 = ORIENTED_EDGE ( 'NONE', *, *, #639, .F. ) ;
#2414 = CARTESIAN_POINT ( 'NONE',  ( -1.500000000000000222, 4.183359790313659220E-15, -2.874999999999999112 ) ) ;
#2415 = PLANE ( 'NONE',  #209 ) ;
#2416 = AXIS2_PLACEMENT_3D ( 'NONE', #1711, #1896, #2238 ) ;
#2417 = CARTESIAN_POINT ( 'NONE',  ( 0.000000000000000000, 1.527063293868265337, -2.015625000000000444 ) ) ;
#2418 = CARTESIAN_POINT ( 'NONE',  ( 1.500000000000001332, 0.4019237886466820453, -1.165170900630742246 ) ) ;
#2419 = LOCAL_TIME ( 15, 44, 7.000000000000000000, #1866 ) ;
#2420 = ORIENTED_EDGE ( 'NONE', *, *, #1136, .T. ) ;
#2421 = CARTESIAN_POINT ( 'NONE',  ( 1.439254484199190365E-16, -1.175240473580836165, -2.000000000000000888 ) ) ;
#2422 = CARTESIAN_POINT ( 'NONE',  ( 0.6785254037844388186, 1.175240473580836165, -1.291666666666667851 ) ) ;
#2423 = VECTOR ( 'NONE', #813, 1000.000000000000114 ) ;
#2424 = CARTESIAN_POINT ( 'NONE',  ( 0.6785254037844388186, 1.175240473580835943, -2.854166666666667407 ) ) ;
#2425 = CARTESIAN_POINT ( 'NONE',  ( 2.749999999999998668, -1.587713240271466875, -0.2456200930618593348 ) ) ;
#2426 = ORIENTED_EDGE ( 'NONE', *, *, #1102, .F. ) ;
#2427 = CARTESIAN_POINT ( 'NONE',  ( -0.4506121144344779617, 2.915265454974087955, -0.1090894304641053802 ) ) ;
#2428 = CARTESIAN_POINT ( 'NONE',  ( -0.8816504037844390407, -1.527063293868266003, -2.807291666666667407 ) ) ;
#2429 = VERTEX_POINT ( 'NONE', #234 ) ;
#2430 = CARTESIAN_POINT ( 'NONE',  ( -0.8816504037844390407, -1.527063293868266003, -2.307291666666666963 ) ) ;
#2431 = CARTESIAN_POINT ( 'NONE',  ( -1.296574408024704805, -1.836178290852457786E-11, -0.2575521797118244804 ) ) ;
#2432 = MANIFOLD_SOLID_BREP ( 'Imported1', #677 ) ;
#2433 = VERTEX_POINT ( 'NONE', #774 ) ;
#2434 = CARTESIAN_POINT ( 'NONE',  ( 1.439254484199190365E-16, -1.175240473580836165, -3.000000000000000888 ) ) ;
#2435 = DIRECTION ( 'NONE',  ( 1.000000000000000000, 0.000000000000000000, 0.000000000000000000 ) ) ;
#2436 = CARTESIAN_POINT ( 'NONE',  ( 0.6785254037844388186, 1.175240473580836165, -3.291666666666667407 ) ) ;
#2437 = CARTESIAN_POINT ( 'NONE',  ( 0.000000000000000000, 1.175240473580836165, -2.812500000000001332 ) ) ;
#2438 = CARTESIAN_POINT ( 'NONE',  ( -1.175638611318853277, -0.03653682245194874584, -3.621936849296675920 ) ) ;
#2439 = VERTEX_POINT ( 'NONE', #1972 ) ;
#2440 = CARTESIAN_POINT ( 'NONE',  ( -1.017788105676658894, 0.5876202367904171942, -3.229166666666667407 ) ) ;
#2441 = CARTESIAN_POINT ( 'NONE',  ( -2.749999999999999112, 1.587713240271468873, -3.000000000000000888 ) ) ;
#2442 = EDGE_CURVE ( 'NONE', #1463, #1049, #1987, .T. ) ;
#2443 = EDGE_CURVE ( 'NONE', #619, #532, #2168, .T. ) ;
#2444 = VERTEX_POINT ( 'NONE', #2139 ) ;
#2445 = CARTESIAN_POINT ( 'NONE',  ( 0.8816504037844392627, 1.527063293868265337, -0.5572916666666672958 ) ) ;
#2446 = DIRECTION ( 'NONE',  ( 0.000000000000000000, 0.000000000000000000, 1.000000000000000000 ) ) ;
#2447 = CARTESIAN_POINT ( 'NONE',  ( 0.6785254037844393737, -1.175240473580835721, -1.958333333333334592 ) ) ;
#2448 = CARTESIAN_POINT ( 'NONE',  ( -0.6785254037844385966, -1.175240473580836387, -1.041666666666667629 ) ) ;
#2449 = CARTESIAN_POINT ( 'NONE',  ( -1.357050807568877859, -2.492861891654335783E-16, -2.187500000000000888 ) ) ;
#2450 = ORIENTED_EDGE ( 'NONE', *, *, #1103, .F. ) ;
#2451 = CARTESIAN_POINT ( 'NONE',  ( -1.017788105676658228, -0.5876202367904186374, -1.645833333333334147 ) ) ;
#2452 = DIRECTION ( 'NONE',  ( 0.000000000000000000, 0.000000000000000000, 1.000000000000000000 ) ) ;
#2453 = CARTESIAN_POINT ( 'NONE',  ( 0.6785254037844388186, 1.175240473580835943, -1.354166666666667629 ) ) ;
#2454 = EDGE_LOOP ( 'NONE', ( #1598, #1480, #2073, #990, #90, #2217, #516, #1495 ) ) ;
#2455 = CARTESIAN_POINT ( 'NONE',  ( -2.749999999999999556, -1.064879185002783224, -0.1085349390812903464 ) ) ;
#2456 = CARTESIAN_POINT ( 'NONE',  ( 1.017788105676658450, -0.5876202367904178603, -0.9791666666666676289 ) ) ;
#2457 = CARTESIAN_POINT ( 'NONE',  ( -0.6785254037844395958, 1.175240473580835721, -4.208333333333334814 ) ) ;
#2458 = CARTESIAN_POINT ( 'NONE',  ( -1.357050807568877859, -2.492861891654335783E-16, -1.125000000000000888 ) ) ;
#2459 = CARTESIAN_POINT ( 'NONE',  ( 0.6785254037844388186, 1.175240473580835943, -3.854166666666667851 ) ) ;
#2460 = AXIS2_PLACEMENT_3D ( 'NONE', #603, #2165, #1789 ) ;
#2461 = CARTESIAN_POINT ( 'NONE',  ( -1.017788105676658228, -0.5876202367904186374, -3.145833333333334370 ) ) ;
#2462 = CARTESIAN_POINT ( 'NONE',  ( 0.000000000000000000, 1.500000000000000222, -3.562500000000002665 ) ) ;
#2463 = DIRECTION ( 'NONE',  ( 1.000000000000000000, 0.000000000000000000, 0.000000000000000000 ) ) ;
#2464 = CARTESIAN_POINT ( 'NONE',  ( 0.6785254037844393737, -1.175240473580835721, -0.5208333333333342585 ) ) ;
#2465 = VERTEX_POINT ( 'NONE', #622 ) ;
#2466 = CARTESIAN_POINT ( 'NONE',  ( -1.500000000000000222, 1.836970198721030181E-16, -3.000000000000000888 ) ) ;
#2467 = CARTESIAN_POINT ( 'NONE',  ( -0.8660254037844381525, -1.500000000000000888, -3.854166666666669183 ) ) ;
#2468 = CARTESIAN_POINT ( 'NONE',  ( 1.357050807568877859, 8.309539638847786353E-17, 0.1249999999999989314 ) ) ;
#2469 = PERSON_AND_ORGANIZATION ( #1372, #467 ) ;
#2470 = CARTESIAN_POINT ( 'NONE',  ( 1.141614847838142044, -2.516314840832713617, 3.495281456844869560E-15 ) ) ;
#2471 = CARTESIAN_POINT ( 'NONE',  ( -1.017788105676658228, -0.5876202367904186374, -2.145833333333334370 ) ) ;
#2472 = ADVANCED_FACE ( 'NONE', ( #2319 ), #630, .F. ) ;
#2473 = CARTESIAN_POINT ( 'NONE',  ( -2.578905354206764841E-15, 3.175426480542939078, -0.2456200930618598066 ) ) ;
#2474 = CARTESIAN_POINT ( 'NONE',  ( -0.6785254037844395958, 1.175240473580835499, -1.770833333333334370 ) ) ;
#2475 = FACE_OUTER_BOUND ( 'NONE', #231, .T. ) ;
#2476 = CARTESIAN_POINT ( 'NONE',  ( -1.322475605676659338, -0.7635316469341334455, 0.1197916666666650198 ) ) ;
#2477 = VERTEX_POINT ( 'NONE', #1601 ) ;
#2478 = CARTESIAN_POINT ( 'NONE',  ( 0.8660254037844393737, -1.499999999999999778, -2.208333333333333037 ) ) ;
#2479 = CARTESIAN_POINT ( 'NONE',  ( 1.500000000000000888, 0.4019237886466837106, -0.6026709006307396921 ) ) ;
#2480 = CARTESIAN_POINT ( 'NONE',  ( 1.184435118395203101, -2.748234973358834664E-14, -0.3696914693413250186 ) ) ;
#2481 = CARTESIAN_POINT ( 'NONE',  ( 1.500000000000000222, -1.074891057233370936E-15, -0.6875000000000024425 ) ) ;
#2482 = CARTESIAN_POINT ( 'NONE',  ( 1.017788105676658450, 0.5876202367904181934, -1.333333333333334370 ) ) ;
#2483 = COORDINATED_UNIVERSAL_TIME_OFFSET ( 6, 0, .BEHIND. ) ;
#2484 = CARTESIAN_POINT ( 'NONE',  ( 1.500000000000000222, 0.000000000000000000, -3.000000000000000888 ) ) ;
#2485 = CARTESIAN_POINT ( 'NONE',  ( -1.017788105676658894, 0.5876202367904171942, -0.6666666666666677399 ) ) ;
#2486 = EDGE_CURVE ( 'NONE', #1247, #1228, #319, .T. ) ;
#2487 = CARTESIAN_POINT ( 'NONE',  ( 1.299038105676658228, 0.7500000000000003331, -1.583333333333333259 ) ) ;
#2488 = EDGE_CURVE ( 'NONE', #833, #2465, #256, .T. ) ;
#2489 = CARTESIAN_POINT ( 'NONE',  ( 0.6785254037844392627, -1.175240473580835943, -2.020833333333334370 ) ) ;
#2490 = CARTESIAN_POINT ( 'NONE',  ( -0.1685531949310646593, 1.490499855913622662, -0.05412658773652894578 ) ) ;
#2491 = CARTESIAN_POINT ( 'NONE',  ( -0.8816504037844405950, 1.527063293868265115, -1.505208333333334814 ) ) ;
#2492 = CARTESIAN_POINT ( 'NONE',  ( -1.017788105676658228, -0.5876202367904186374, -0.6458333333333342585 ) ) ;
#2493 = CARTESIAN_POINT ( 'NONE',  ( 1.836970198721030427E-16, -1.500000000000000222, -0.3125000000000025535 ) ) ;
#2494 = CARTESIAN_POINT ( 'NONE',  ( -1.017788105676658228, -0.5876202367904186374, -0.5833333333333343695 ) ) ;
#2495 = PERSON_AND_ORGANIZATION ( #1372, #467 ) ;
#2496 = CARTESIAN_POINT ( 'NONE',  ( 0.6785254037844388186, 1.175240473580835943, -1.791666666666667629 ) ) ;
#2497 = VECTOR ( 'NONE', #1754, 1000.000000000000000 ) ;
#2498 = CARTESIAN_POINT ( 'NONE',  ( 1.500000000000000222, 2.033577675846917841E-16, -1.624999999999999778 ) ) ;
#2499 = LOCAL_TIME ( 15, 44, 7.000000000000000000, #2483 ) ;
#2500 = DIRECTION ( 'NONE',  ( 0.000000000000000000, 0.000000000000000000, 1.000000000000000000 ) ) ;
#2501 = CARTESIAN_POINT ( 'NONE',  ( -1.841465337348241027, -2.112255972321569697, -0.02351960456805370775 ) ) ;
#2502 = VECTOR ( 'NONE', #250, 1000.000000000000000 ) ;
#2503 = CARTESIAN_POINT ( 'NONE',  ( -0.8816504037844405950, 1.527063293868265115, -1.005208333333334814 ) ) ;
#2504 = CIRCLE ( 'NONE', #1419, 1.500000000000000222 ) ;
#2505 = CARTESIAN_POINT ( 'NONE',  ( 1.500000000000000222, 2.033577675846917841E-16, -1.187500000000002442 ) ) ;
#2506 = CARTESIAN_POINT ( 'NONE',  ( -1.357050807568877859, -2.492861891654335783E-16, -0.1875000000000010547 ) ) ;
#2507 = LINE ( 'NONE', #997, #2216 ) ;
#2508 = CARTESIAN_POINT ( 'NONE',  ( 1.439254484199190365E-16, -1.175240473580836165, -1.500000000000001110 ) ) ;
#2509 = CARTESIAN_POINT ( 'NONE',  ( -1.357050807568877859, -2.492861891654335783E-16, -1.125000000000000888 ) ) ;
#2510 = DIRECTION ( 'NONE',  ( 0.7071067811865487940, 0.000000000000000000, 0.7071067811865463515 ) ) ;
#2511 = CARTESIAN_POINT ( 'NONE',  ( 1.374999999999999334, 2.381569860407206640, 0.000000000000000000 ) ) ;
#2512 = DIRECTION ( 'NONE',  ( 1.000000000000000000, 0.000000000000000000, 0.000000000000000000 ) ) ;
#2513 = CARTESIAN_POINT ( 'NONE',  ( 0.000000000000000000, 1.527063293868265559, -1.046875000000001776 ) ) ;
#2514 = EDGE_CURVE ( 'NONE', #225, #1663, #2240, .T. ) ;
#2515 = EDGE_CURVE ( 'NONE', #1782, #701, #247, .T. ) ;
#2516 = CARTESIAN_POINT ( 'NONE',  ( -0.6785254037844385966, -1.175240473580836165, -3.104166666666667407 ) ) ;
#2517 = CARTESIAN_POINT ( 'NONE',  ( -0.8660254037844395958, 1.499999999999999778, -2.958333333333333037 ) ) ;
#2518 = CARTESIAN_POINT ( 'NONE',  ( -1.017788105676658894, 0.5876202367904171942, -1.166666666666667629 ) ) ;
#2519 = ORIENTED_EDGE ( 'NONE', *, *, #2023, .F. ) ;
#2520 = CARTESIAN_POINT ( 'NONE',  ( -0.8660254037844381525, -1.500000000000000888, -0.8541666666666691832 ) ) ;
#2521 = CARTESIAN_POINT ( 'NONE',  ( -1.500000000000001332, -0.4019237886466823229, -3.852670900630739137 ) ) ;
#2522 = EDGE_CURVE ( 'NONE', #117, #1844, #1566, .T. ) ;
#2523 = CARTESIAN_POINT ( 'NONE',  ( 1.455068057078637622, 2.175771237164065429E-11, -0.09905853065789230194 ) ) ;
#2524 = CARTESIAN_POINT ( 'NONE',  ( 0.000000000000000000, 0.000000000000000000, -3.000000000000000888 ) ) ;
#2525 = CARTESIAN_POINT ( 'NONE',  ( 1.870113174931185594E-16, -1.527063293868265559, -3.296875000000001776 ) ) ;
ENDSEC;
END-ISO-10303-21;
